module_id,cpg,strategy,module_size
1,cg00006081,median,2252
1,cg00012522,median,2252
1,cg00018845,median,2252
1,cg00024086,median,2252
1,cg00027083,median,2252
1,cg00030047,median,2252
1,cg00037441,median,2252
1,cg00065905,median,2252
1,cg00078318,median,2252
1,cg00089091,median,2252
1,cg00094518,median,2252
1,cg00100800,median,2252
1,cg00107187,median,2252
1,cg00107772,median,2252
1,cg00123055,median,2252
1,cg00127167,median,2252
1,cg00144186,median,2252
1,cg00145253,median,2252
1,cg00154357,median,2252
1,cg00157668,median,2252
1,cg00174428,median,2252
1,cg00177388,median,2252
1,cg00178249,median,2252
1,cg00181834,median,2252
1,cg00214791,median,2252
1,cg00228017,median,2252
1,cg00232735,median,2252
1,cg00247557,median,2252
1,cg00254886,median,2252
1,cg00255368,median,2252
1,cg00260802,median,2252
1,cg00295572,median,2252
1,cg00310215,median,2252
1,cg00323305,median,2252
1,cg00333226,median,2252
1,cg00343312,median,2252
1,cg00345443,median,2252
1,cg00346208,median,2252
1,cg00373707,median,2252
1,cg00376544,median,2252
1,cg00384539,median,2252
1,cg00388812,median,2252
1,cg00390775,median,2252
1,cg00421139,median,2252
1,cg00466334,median,2252
1,cg00468146,median,2252
1,cg00469856,median,2252
1,cg00470955,median,2252
1,cg00474746,median,2252
1,cg00490655,median,2252
1,cg00495775,median,2252
1,cg00503383,median,2252
1,cg00529958,median,2252
1,cg00558156,median,2252
1,cg00565688,median,2252
1,cg00569447,median,2252
1,cg00578032,median,2252
1,cg00579520,median,2252
1,cg00582971,median,2252
1,cg00619126,median,2252
1,cg00620733,median,2252
1,cg00637687,median,2252
1,cg00642749,median,2252
1,cg00644823,median,2252
1,cg00654888,median,2252
1,cg00663972,median,2252
1,cg00674365,median,2252
1,cg00688962,median,2252
1,cg00688963,median,2252
1,cg00699993,median,2252
1,cg00735667,median,2252
1,cg00736523,median,2252
1,cg00741624,median,2252
1,cg00745389,median,2252
1,cg00745725,median,2252
1,cg00750523,median,2252
1,cg00764612,median,2252
1,cg00794881,median,2252
1,cg00800512,median,2252
1,cg00804628,median,2252
1,cg00812438,median,2252
1,cg00812833,median,2252
1,cg00824018,median,2252
1,cg00824767,median,2252
1,cg00858840,median,2252
1,cg00873050,median,2252
1,cg00875989,median,2252
1,cg00884093,median,2252
1,cg00887814,median,2252
1,cg00910882,median,2252
1,cg00911794,median,2252
1,cg00912625,median,2252
1,cg00922781,median,2252
1,cg00939495,median,2252
1,cg00950846,median,2252
1,cg00952322,median,2252
1,cg00960305,median,2252
1,cg00960552,median,2252
1,cg00970396,median,2252
1,cg00998438,median,2252
1,cg01003961,median,2252
1,cg01007828,median,2252
1,cg01013590,median,2252
1,cg01026458,median,2252
1,cg01032675,median,2252
1,cg01068944,median,2252
1,cg01069941,median,2252
1,cg01080998,median,2252
1,cg01106338,median,2252
1,cg01138867,median,2252
1,cg01150683,median,2252
1,cg01151966,median,2252
1,cg01158822,median,2252
1,cg01162672,median,2252
1,cg01168235,median,2252
1,cg01184975,median,2252
1,cg01201519,median,2252
1,cg01202666,median,2252
1,cg01220680,median,2252
1,cg01247628,median,2252
1,cg01253508,median,2252
1,cg01255414,median,2252
1,cg01276475,median,2252
1,cg01281285,median,2252
1,cg01283246,median,2252
1,cg01294808,median,2252
1,cg01296360,median,2252
1,cg01302656,median,2252
1,cg01315916,median,2252
1,cg01342746,median,2252
1,cg01345315,median,2252
1,cg01352175,median,2252
1,cg01366419,median,2252
1,cg01373911,median,2252
1,cg01382110,median,2252
1,cg01384488,median,2252
1,cg01396587,median,2252
1,cg01405040,median,2252
1,cg01405761,median,2252
1,cg01410472,median,2252
1,cg01422881,median,2252
1,cg01434649,median,2252
1,cg01436998,median,2252
1,cg01440841,median,2252
1,cg01449136,median,2252
1,cg01449663,median,2252
1,cg01460227,median,2252
1,cg01460436,median,2252
1,cg01464052,median,2252
1,cg01472299,median,2252
1,cg01501551,median,2252
1,cg01537995,median,2252
1,cg01541645,median,2252
1,cg01543603,median,2252
1,cg01557027,median,2252
1,cg01566526,median,2252
1,cg01582980,median,2252
1,cg01587896,median,2252
1,cg01588388,median,2252
1,cg01602690,median,2252
1,cg01610488,median,2252
1,cg01610605,median,2252
1,cg01610632,median,2252
1,cg01615704,median,2252
1,cg01625087,median,2252
1,cg01663016,median,2252
1,cg01663725,median,2252
1,cg01664666,median,2252
1,cg01690182,median,2252
1,cg01692233,median,2252
1,cg01693026,median,2252
1,cg01718116,median,2252
1,cg01718742,median,2252
1,cg01734112,median,2252
1,cg01758512,median,2252
1,cg01759562,median,2252
1,cg01770755,median,2252
1,cg01783070,median,2252
1,cg01794676,median,2252
1,cg01811325,median,2252
1,cg01839464,median,2252
1,cg01851450,median,2252
1,cg01852585,median,2252
1,cg01860328,median,2252
1,cg01867395,median,2252
1,cg01898698,median,2252
1,cg01906015,median,2252
1,cg01915516,median,2252
1,cg01916333,median,2252
1,cg01923218,median,2252
1,cg01927745,median,2252
1,cg01935149,median,2252
1,cg01937793,median,2252
1,cg01938650,median,2252
1,cg01939453,median,2252
1,cg01942127,median,2252
1,cg01942962,median,2252
1,cg02005147,median,2252
1,cg02008154,median,2252
1,cg02010196,median,2252
1,cg02017282,median,2252
1,cg02017926,median,2252
1,cg02044223,median,2252
1,cg02048412,median,2252
1,cg02055132,median,2252
1,cg02071005,median,2252
1,cg02081733,median,2252
1,cg02093112,median,2252
1,cg02096397,median,2252
1,cg02102103,median,2252
1,cg02106850,median,2252
1,cg02119348,median,2252
1,cg02146857,median,2252
1,cg02154186,median,2252
1,cg02165099,median,2252
1,cg02165355,median,2252
1,cg02167438,median,2252
1,cg02172150,median,2252
1,cg02172312,median,2252
1,cg02222728,median,2252
1,cg02225716,median,2252
1,cg02232208,median,2252
1,cg02241055,median,2252
1,cg02243785,median,2252
1,cg02268229,median,2252
1,cg02272993,median,2252
1,cg02300154,median,2252
1,cg02305853,median,2252
1,cg02311414,median,2252
1,cg02318784,median,2252
1,cg02322373,median,2252
1,cg02327997,median,2252
1,cg02333852,median,2252
1,cg02336521,median,2252
1,cg02344833,median,2252
1,cg02347074,median,2252
1,cg02352240,median,2252
1,cg02360199,median,2252
1,cg02374745,median,2252
1,cg02390209,median,2252
1,cg02397768,median,2252
1,cg02400433,median,2252
1,cg02409108,median,2252
1,cg02423064,median,2252
1,cg02429459,median,2252
1,cg02442436,median,2252
1,cg02446647,median,2252
1,cg02456226,median,2252
1,cg02456288,median,2252
1,cg02463418,median,2252
1,cg02487453,median,2252
1,cg02493644,median,2252
1,cg02509825,median,2252
1,cg02523640,median,2252
1,cg02523844,median,2252
1,cg02530437,median,2252
1,cg02532096,median,2252
1,cg02547394,median,2252
1,cg02557695,median,2252
1,cg02571816,median,2252
1,cg02582387,median,2252
1,cg02623400,median,2252
1,cg02630214,median,2252
1,cg02640260,median,2252
1,cg02649597,median,2252
1,cg02656891,median,2252
1,cg02662277,median,2252
1,cg02662828,median,2252
1,cg02681442,median,2252
1,cg02690638,median,2252
1,cg02741521,median,2252
1,cg02742906,median,2252
1,cg02745211,median,2252
1,cg02746381,median,2252
1,cg02801786,median,2252
1,cg02816816,median,2252
1,cg02824202,median,2252
1,cg02825171,median,2252
1,cg02829688,median,2252
1,cg02831267,median,2252
1,cg02838178,median,2252
1,cg02874376,median,2252
1,cg02908900,median,2252
1,cg02914422,median,2252
1,cg02919422,median,2252
1,cg02923706,median,2252
1,cg02928699,median,2252
1,cg02935338,median,2252
1,cg02938414,median,2252
1,cg02940165,median,2252
1,cg02990869,median,2252
1,cg02994956,median,2252
1,cg03014628,median,2252
1,cg03026462,median,2252
1,cg03031959,median,2252
1,cg03032098,median,2252
1,cg03044249,median,2252
1,cg03070297,median,2252
1,cg03074925,median,2252
1,cg03091551,median,2252
1,cg03106958,median,2252
1,cg03109101,median,2252
1,cg03117976,median,2252
1,cg03129384,median,2252
1,cg03146949,median,2252
1,cg03160135,median,2252
1,cg03167683,median,2252
1,cg03171770,median,2252
1,cg03178798,median,2252
1,cg03182113,median,2252
1,cg03190219,median,2252
1,cg03192598,median,2252
1,cg03200166,median,2252
1,cg03209642,median,2252
1,cg03209854,median,2252
1,cg03229780,median,2252
1,cg03237648,median,2252
1,cg03242819,median,2252
1,cg03244696,median,2252
1,cg03250019,median,2252
1,cg03251079,median,2252
1,cg03260566,median,2252
1,cg03287574,median,2252
1,cg03293015,median,2252
1,cg03323696,median,2252
1,cg03325733,median,2252
1,cg03332469,median,2252
1,cg03340466,median,2252
1,cg03340649,median,2252
1,cg03342498,median,2252
1,cg03354992,median,2252
1,cg03355526,median,2252
1,cg03357798,median,2252
1,cg03365733,median,2252
1,cg03428864,median,2252
1,cg03437157,median,2252
1,cg03450948,median,2252
1,cg03456938,median,2252
1,cg03465861,median,2252
1,cg03469054,median,2252
1,cg03475665,median,2252
1,cg03496114,median,2252
1,cg03496122,median,2252
1,cg03499808,median,2252
1,cg03506640,median,2252
1,cg03509106,median,2252
1,cg03512426,median,2252
1,cg03524083,median,2252
1,cg03544320,median,2252
1,cg03547745,median,2252
1,cg03553587,median,2252
1,cg03555227,median,2252
1,cg03574723,median,2252
1,cg03599078,median,2252
1,cg03602280,median,2252
1,cg03606215,median,2252
1,cg03607115,median,2252
1,cg03609960,median,2252
1,cg03696599,median,2252
1,cg03701992,median,2252
1,cg03705912,median,2252
1,cg03724990,median,2252
1,cg03727202,median,2252
1,cg03730428,median,2252
1,cg03734874,median,2252
1,cg03753331,median,2252
1,cg03774514,median,2252
1,cg03782157,median,2252
1,cg03790250,median,2252
1,cg03793270,median,2252
1,cg03817667,median,2252
1,cg03881775,median,2252
1,cg03893271,median,2252
1,cg03900143,median,2252
1,cg03925294,median,2252
1,cg03945902,median,2252
1,cg03964958,median,2252
1,cg03968755,median,2252
1,cg03986829,median,2252
1,cg03992259,median,2252
1,cg03994318,median,2252
1,cg04005707,median,2252
1,cg04008901,median,2252
1,cg04021697,median,2252
1,cg04024095,median,2252
1,cg04025150,median,2252
1,cg04038179,median,2252
1,cg04059568,median,2252
1,cg04075191,median,2252
1,cg04079301,median,2252
1,cg04100532,median,2252
1,cg04127342,median,2252
1,cg04143876,median,2252
1,cg04200224,median,2252
1,cg04222358,median,2252
1,cg04228468,median,2252
1,cg04267526,median,2252
1,cg04293085,median,2252
1,cg04326854,median,2252
1,cg04339613,median,2252
1,cg04347874,median,2252
1,cg04360793,median,2252
1,cg04397433,median,2252
1,cg04402007,median,2252
1,cg04415599,median,2252
1,cg04418492,median,2252
1,cg04432319,median,2252
1,cg04435546,median,2252
1,cg04450459,median,2252
1,cg04454086,median,2252
1,cg04467618,median,2252
1,cg04517323,median,2252
1,cg04521004,median,2252
1,cg04525757,median,2252
1,cg04529370,median,2252
1,cg04536893,median,2252
1,cg04567445,median,2252
1,cg04594598,median,2252
1,cg04595562,median,2252
1,cg04596004,median,2252
1,cg04597433,median,2252
1,cg04598121,median,2252
1,cg04606861,median,2252
1,cg04609576,median,2252
1,cg04612444,median,2252
1,cg04641171,median,2252
1,cg04643822,median,2252
1,cg04652097,median,2252
1,cg04654288,median,2252
1,cg04664153,median,2252
1,cg04671611,median,2252
1,cg04733537,median,2252
1,cg04738965,median,2252
1,cg04745161,median,2252
1,cg04759648,median,2252
1,cg04773818,median,2252
1,cg04784672,median,2252
1,cg04792712,median,2252
1,cg04837025,median,2252
1,cg04842426,median,2252
1,cg04845649,median,2252
1,cg04858155,median,2252
1,cg04861929,median,2252
1,cg04899175,median,2252
1,cg04913979,median,2252
1,cg04919274,median,2252
1,cg04928005,median,2252
1,cg04935449,median,2252
1,cg04949206,median,2252
1,cg04950301,median,2252
1,cg04961466,median,2252
1,cg04965050,median,2252
1,cg04969688,median,2252
1,cg04974290,median,2252
1,cg04983516,median,2252
1,cg04991036,median,2252
1,cg04991805,median,2252
1,cg05044185,median,2252
1,cg05048976,median,2252
1,cg05057720,median,2252
1,cg05062333,median,2252
1,cg05080154,median,2252
1,cg05128922,median,2252
1,cg05142982,median,2252
1,cg05168977,median,2252
1,cg05179846,median,2252
1,cg05184377,median,2252
1,cg05191076,median,2252
1,cg05201970,median,2252
1,cg05204798,median,2252
1,cg05209584,median,2252
1,cg05236677,median,2252
1,cg05237641,median,2252
1,cg05266781,median,2252
1,cg05299793,median,2252
1,cg05302338,median,2252
1,cg05337137,median,2252
1,cg05350411,median,2252
1,cg05361559,median,2252
1,cg05371578,median,2252
1,cg05374654,median,2252
1,cg05378938,median,2252
1,cg05380982,median,2252
1,cg05383490,median,2252
1,cg05402131,median,2252
1,cg05440435,median,2252
1,cg05446424,median,2252
1,cg05491001,median,2252
1,cg05500840,median,2252
1,cg05501996,median,2252
1,cg05502701,median,2252
1,cg05520409,median,2252
1,cg05533124,median,2252
1,cg05543049,median,2252
1,cg05549854,median,2252
1,cg05595345,median,2252
1,cg05602862,median,2252
1,cg05608777,median,2252
1,cg05637536,median,2252
1,cg05638174,median,2252
1,cg05646686,median,2252
1,cg05667379,median,2252
1,cg05668372,median,2252
1,cg05670348,median,2252
1,cg05686497,median,2252
1,cg05724871,median,2252
1,cg05732750,median,2252
1,cg05733135,median,2252
1,cg05733181,median,2252
1,cg05736768,median,2252
1,cg05756220,median,2252
1,cg05759718,median,2252
1,cg05764376,median,2252
1,cg05764628,median,2252
1,cg05768427,median,2252
1,cg05769169,median,2252
1,cg05771369,median,2252
1,cg05784157,median,2252
1,cg05787556,median,2252
1,cg05789711,median,2252
1,cg05798720,median,2252
1,cg05863502,median,2252
1,cg05895545,median,2252
1,cg05903444,median,2252
1,cg05908587,median,2252
1,cg05924485,median,2252
1,cg05924652,median,2252
1,cg05926722,median,2252
1,cg05931096,median,2252
1,cg05937737,median,2252
1,cg05942128,median,2252
1,cg05951860,median,2252
1,cg05983315,median,2252
1,cg06000883,median,2252
1,cg06000994,median,2252
1,cg06020207,median,2252
1,cg06049781,median,2252
1,cg06056415,median,2252
1,cg06062984,median,2252
1,cg06076277,median,2252
1,cg06091013,median,2252
1,cg06095270,median,2252
1,cg06103746,median,2252
1,cg06139341,median,2252
1,cg06139908,median,2252
1,cg06149302,median,2252
1,cg06158650,median,2252
1,cg06169131,median,2252
1,cg06187947,median,2252
1,cg06200092,median,2252
1,cg06202228,median,2252
1,cg06232807,median,2252
1,cg06258780,median,2252
1,cg06265277,median,2252
1,cg06268694,median,2252
1,cg06271970,median,2252
1,cg06288251,median,2252
1,cg06335867,median,2252
1,cg06352730,median,2252
1,cg06365535,median,2252
1,cg06374307,median,2252
1,cg06383163,median,2252
1,cg06391468,median,2252
1,cg06401021,median,2252
1,cg06410746,median,2252
1,cg06411724,median,2252
1,cg06424065,median,2252
1,cg06425919,median,2252
1,cg06444755,median,2252
1,cg06462796,median,2252
1,cg06469345,median,2252
1,cg06482428,median,2252
1,cg06492708,median,2252
1,cg06498267,median,2252
1,cg06510074,median,2252
1,cg06525651,median,2252
1,cg06547959,median,2252
1,cg06553312,median,2252
1,cg06564388,median,2252
1,cg06567373,median,2252
1,cg06570224,median,2252
1,cg06577205,median,2252
1,cg06584494,median,2252
1,cg06598836,median,2252
1,cg06602847,median,2252
1,cg06617456,median,2252
1,cg06619066,median,2252
1,cg06622151,median,2252
1,cg06622999,median,2252
1,cg06629130,median,2252
1,cg06634716,median,2252
1,cg06638795,median,2252
1,cg06647751,median,2252
1,cg06648277,median,2252
1,cg06650419,median,2252
1,cg06653045,median,2252
1,cg06659727,median,2252
1,cg06662812,median,2252
1,cg06667761,median,2252
1,cg06668555,median,2252
1,cg06674731,median,2252
1,cg06676637,median,2252
1,cg06704122,median,2252
1,cg06713632,median,2252
1,cg06719900,median,2252
1,cg06724588,median,2252
1,cg06733419,median,2252
1,cg06758591,median,2252
1,cg06763054,median,2252
1,cg06765217,median,2252
1,cg06766427,median,2252
1,cg06776999,median,2252
1,cg06782035,median,2252
1,cg06806958,median,2252
1,cg06808751,median,2252
1,cg06809544,median,2252
1,cg06822816,median,2252
1,cg06825039,median,2252
1,cg06831576,median,2252
1,cg06833732,median,2252
1,cg06849504,median,2252
1,cg06850283,median,2252
1,cg06875227,median,2252
1,cg06899953,median,2252
1,cg06906472,median,2252
1,cg06942701,median,2252
1,cg06966811,median,2252
1,cg06973234,median,2252
1,cg06987468,median,2252
1,cg07012926,median,2252
1,cg07015629,median,2252
1,cg07016184,median,2252
1,cg07021644,median,2252
1,cg07027430,median,2252
1,cg07028914,median,2252
1,cg07029873,median,2252
1,cg07035165,median,2252
1,cg07055616,median,2252
1,cg07057579,median,2252
1,cg07060233,median,2252
1,cg07060551,median,2252
1,cg07065111,median,2252
1,cg07072366,median,2252
1,cg07077013,median,2252
1,cg07094915,median,2252
1,cg07095995,median,2252
1,cg07103129,median,2252
1,cg07131533,median,2252
1,cg07135032,median,2252
1,cg07135446,median,2252
1,cg07135614,median,2252
1,cg07136998,median,2252
1,cg07137845,median,2252
1,cg07143083,median,2252
1,cg07149609,median,2252
1,cg07150445,median,2252
1,cg07152216,median,2252
1,cg07157830,median,2252
1,cg07176264,median,2252
1,cg07190535,median,2252
1,cg07194093,median,2252
1,cg07201620,median,2252
1,cg07203423,median,2252
1,cg07204550,median,2252
1,cg07206208,median,2252
1,cg07208703,median,2252
1,cg07212778,median,2252
1,cg07254032,median,2252
1,cg07271264,median,2252
1,cg07271394,median,2252
1,cg07274618,median,2252
1,cg07279070,median,2252
1,cg07293584,median,2252
1,cg07300060,median,2252
1,cg07314829,median,2252
1,cg07355841,median,2252
1,cg07357300,median,2252
1,cg07357987,median,2252
1,cg07382454,median,2252
1,cg07382920,median,2252
1,cg07408835,median,2252
1,cg07441518,median,2252
1,cg07442479,median,2252
1,cg07489048,median,2252
1,cg07489890,median,2252
1,cg07502439,median,2252
1,cg07519816,median,2252
1,cg07536910,median,2252
1,cg07540103,median,2252
1,cg07544187,median,2252
1,cg07552707,median,2252
1,cg07565505,median,2252
1,cg07581732,median,2252
1,cg07603330,median,2252
1,cg07622493,median,2252
1,cg07622996,median,2252
1,cg07636295,median,2252
1,cg07639287,median,2252
1,cg07665387,median,2252
1,cg07671776,median,2252
1,cg07684796,median,2252
1,cg07697895,median,2252
1,cg07733446,median,2252
1,cg07737781,median,2252
1,cg07738439,median,2252
1,cg07746943,median,2252
1,cg07758738,median,2252
1,cg07777349,median,2252
1,cg07780095,median,2252
1,cg07788092,median,2252
1,cg07792478,median,2252
1,cg07846220,median,2252
1,cg07848601,median,2252
1,cg07850527,median,2252
1,cg07870999,median,2252
1,cg07892295,median,2252
1,cg07892422,median,2252
1,cg07892785,median,2252
1,cg07897690,median,2252
1,cg07903370,median,2252
1,cg07918545,median,2252
1,cg07924081,median,2252
1,cg07928073,median,2252
1,cg07953890,median,2252
1,cg07967679,median,2252
1,cg07973435,median,2252
1,cg07995179,median,2252
1,cg08000065,median,2252
1,cg08002883,median,2252
1,cg08004278,median,2252
1,cg08009211,median,2252
1,cg08013557,median,2252
1,cg08023265,median,2252
1,cg08044097,median,2252
1,cg08057103,median,2252
1,cg08065657,median,2252
1,cg08068240,median,2252
1,cg08085357,median,2252
1,cg08085954,median,2252
1,cg08087868,median,2252
1,cg08095852,median,2252
1,cg08117309,median,2252
1,cg08119884,median,2252
1,cg08120263,median,2252
1,cg08122140,median,2252
1,cg08139247,median,2252
1,cg08141424,median,2252
1,cg08146483,median,2252
1,cg08152546,median,2252
1,cg08165221,median,2252
1,cg08183141,median,2252
1,cg08184652,median,2252
1,cg08185241,median,2252
1,cg08186362,median,2252
1,cg08190928,median,2252
1,cg08194879,median,2252
1,cg08204280,median,2252
1,cg08211028,median,2252
1,cg08231493,median,2252
1,cg08233654,median,2252
1,cg08234308,median,2252
1,cg08235864,median,2252
1,cg08244866,median,2252
1,cg08251037,median,2252
1,cg08258526,median,2252
1,cg08263071,median,2252
1,cg08272731,median,2252
1,cg08288811,median,2252
1,cg08305436,median,2252
1,cg08315202,median,2252
1,cg08336641,median,2252
1,cg08363794,median,2252
1,cg08376141,median,2252
1,cg08421685,median,2252
1,cg08422599,median,2252
1,cg08432727,median,2252
1,cg08441170,median,2252
1,cg08441806,median,2252
1,cg08445263,median,2252
1,cg08448701,median,2252
1,cg08475096,median,2252
1,cg08475953,median,2252
1,cg08476224,median,2252
1,cg08478039,median,2252
1,cg08482531,median,2252
1,cg08488841,median,2252
1,cg08490115,median,2252
1,cg08509172,median,2252
1,cg08510264,median,2252
1,cg08512167,median,2252
1,cg08523865,median,2252
1,cg08572611,median,2252
1,cg08586541,median,2252
1,cg08621843,median,2252
1,cg08638184,median,2252
1,cg08641579,median,2252
1,cg08658787,median,2252
1,cg08668551,median,2252
1,cg08681855,median,2252
1,cg08690859,median,2252
1,cg08697503,median,2252
1,cg08712932,median,2252
1,cg08719869,median,2252
1,cg08734740,median,2252
1,cg08754967,median,2252
1,cg08767286,median,2252
1,cg08795964,median,2252
1,cg08812189,median,2252
1,cg08812555,median,2252
1,cg08812889,median,2252
1,cg08825837,median,2252
1,cg08832906,median,2252
1,cg08855288,median,2252
1,cg08859095,median,2252
1,cg08874609,median,2252
1,cg08886823,median,2252
1,cg08889336,median,2252
1,cg08892370,median,2252
1,cg08917478,median,2252
1,cg08965888,median,2252
1,cg08975803,median,2252
1,cg08979319,median,2252
1,cg09009536,median,2252
1,cg09016242,median,2252
1,cg09017434,median,2252
1,cg09021626,median,2252
1,cg09042277,median,2252
1,cg09059319,median,2252
1,cg09077934,median,2252
1,cg09082287,median,2252
1,cg09082903,median,2252
1,cg09141965,median,2252
1,cg09142313,median,2252
1,cg09152582,median,2252
1,cg09155219,median,2252
1,cg09199698,median,2252
1,cg09208611,median,2252
1,cg09226262,median,2252
1,cg09232937,median,2252
1,cg09295081,median,2252
1,cg09307530,median,2252
1,cg09313439,median,2252
1,cg09322259,median,2252
1,cg09338032,median,2252
1,cg09366312,median,2252
1,cg09382127,median,2252
1,cg09388605,median,2252
1,cg09424759,median,2252
1,cg09438147,median,2252
1,cg09441363,median,2252
1,cg09442654,median,2252
1,cg09444637,median,2252
1,cg09445939,median,2252
1,cg09469566,median,2252
1,cg09472360,median,2252
1,cg09473315,median,2252
1,cg09484039,median,2252
1,cg09489306,median,2252
1,cg09493505,median,2252
1,cg09495418,median,2252
1,cg09500672,median,2252
1,cg09515953,median,2252
1,cg09543255,median,2252
1,cg09559021,median,2252
1,cg09559189,median,2252
1,cg09578475,median,2252
1,cg09601175,median,2252
1,cg09614415,median,2252
1,cg09623400,median,2252
1,cg09626894,median,2252
1,cg09643544,median,2252
1,cg09656389,median,2252
1,cg09659227,median,2252
1,cg09685182,median,2252
1,cg09688546,median,2252
1,cg09714778,median,2252
1,cg09765089,median,2252
1,cg09767822,median,2252
1,cg09774917,median,2252
1,cg09793172,median,2252
1,cg09797337,median,2252
1,cg09805010,median,2252
1,cg09838285,median,2252
1,cg09854317,median,2252
1,cg09858188,median,2252
1,cg09874822,median,2252
1,cg09880551,median,2252
1,cg09887059,median,2252
1,cg09896412,median,2252
1,cg09907509,median,2252
1,cg09935282,median,2252
1,cg09983897,median,2252
1,cg09989644,median,2252
1,cg10023530,median,2252
1,cg10028217,median,2252
1,cg10039188,median,2252
1,cg10056132,median,2252
1,cg10087973,median,2252
1,cg10088491,median,2252
1,cg10092878,median,2252
1,cg10095242,median,2252
1,cg10111115,median,2252
1,cg10121601,median,2252
1,cg10127275,median,2252
1,cg10127483,median,2252
1,cg10132208,median,2252
1,cg10137084,median,2252
1,cg10150592,median,2252
1,cg10151367,median,2252
1,cg10158541,median,2252
1,cg10166283,median,2252
1,cg10168149,median,2252
1,cg10177394,median,2252
1,cg10182317,median,2252
1,cg10223225,median,2252
1,cg10235355,median,2252
1,cg10239388,median,2252
1,cg10266211,median,2252
1,cg10269365,median,2252
1,cg10269548,median,2252
1,cg10282162,median,2252
1,cg10294822,median,2252
1,cg10298052,median,2252
1,cg10300684,median,2252
1,cg10303487,median,2252
1,cg10329173,median,2252
1,cg10334354,median,2252
1,cg10343742,median,2252
1,cg10363951,median,2252
1,cg10373086,median,2252
1,cg10373196,median,2252
1,cg10387551,median,2252
1,cg10410142,median,2252
1,cg10453719,median,2252
1,cg10471976,median,2252
1,cg10477621,median,2252
1,cg10479082,median,2252
1,cg10485664,median,2252
1,cg10501704,median,2252
1,cg10511904,median,2252
1,cg10520887,median,2252
1,cg10521638,median,2252
1,cg10530851,median,2252
1,cg10530883,median,2252
1,cg10539507,median,2252
1,cg10552126,median,2252
1,cg10567810,median,2252
1,cg10575261,median,2252
1,cg10591607,median,2252
1,cg10602282,median,2252
1,cg10603275,median,2252
1,cg10621825,median,2252
1,cg10658542,median,2252
1,cg10659886,median,2252
1,cg10676084,median,2252
1,cg10694152,median,2252
1,cg10715223,median,2252
1,cg10722226,median,2252
1,cg10740902,median,2252
1,cg10770187,median,2252
1,cg10791926,median,2252
1,cg10805352,median,2252
1,cg10816489,median,2252
1,cg10823473,median,2252
1,cg10827488,median,2252
1,cg10828337,median,2252
1,cg10836392,median,2252
1,cg10868817,median,2252
1,cg10894483,median,2252
1,cg10904109,median,2252
1,cg10906284,median,2252
1,cg10912240,median,2252
1,cg10943359,median,2252
1,cg10945079,median,2252
1,cg10961186,median,2252
1,cg10964367,median,2252
1,cg10966580,median,2252
1,cg10967350,median,2252
1,cg10989634,median,2252
1,cg10999932,median,2252
1,cg11002986,median,2252
1,cg11011938,median,2252
1,cg11025705,median,2252
1,cg11051843,median,2252
1,cg11063729,median,2252
1,cg11068946,median,2252
1,cg11080643,median,2252
1,cg11086982,median,2252
1,cg11095383,median,2252
1,cg11097433,median,2252
1,cg11097541,median,2252
1,cg11108269,median,2252
1,cg11113723,median,2252
1,cg11148130,median,2252
1,cg11163620,median,2252
1,cg11190248,median,2252
1,cg11199046,median,2252
1,cg11199713,median,2252
1,cg11201710,median,2252
1,cg11215976,median,2252
1,cg11226913,median,2252
1,cg11229543,median,2252
1,cg11234328,median,2252
1,cg11236526,median,2252
1,cg11254700,median,2252
1,cg11260097,median,2252
1,cg11268739,median,2252
1,cg11280525,median,2252
1,cg11293190,median,2252
1,cg11312408,median,2252
1,cg11323198,median,2252
1,cg11342106,median,2252
1,cg11344566,median,2252
1,cg11353250,median,2252
1,cg11358945,median,2252
1,cg11377136,median,2252
1,cg11381539,median,2252
1,cg11410023,median,2252
1,cg11413039,median,2252
1,cg11428724,median,2252
1,cg11438011,median,2252
1,cg11452391,median,2252
1,cg11460727,median,2252
1,cg11469098,median,2252
1,cg11546137,median,2252
1,cg11563680,median,2252
1,cg11574975,median,2252
1,cg11581706,median,2252
1,cg11592503,median,2252
1,cg11642106,median,2252
1,cg11651237,median,2252
1,cg11687330,median,2252
1,cg11701471,median,2252
1,cg11705975,median,2252
1,cg11711420,median,2252
1,cg11722699,median,2252
1,cg11723801,median,2252
1,cg11727383,median,2252
1,cg11743349,median,2252
1,cg11760593,median,2252
1,cg11793269,median,2252
1,cg11811610,median,2252
1,cg11823511,median,2252
1,cg11831238,median,2252
1,cg11832722,median,2252
1,cg11846112,median,2252
1,cg11868900,median,2252
1,cg11869770,median,2252
1,cg11871421,median,2252
1,cg11885396,median,2252
1,cg11896587,median,2252
1,cg11905007,median,2252
1,cg11907729,median,2252
1,cg11926610,median,2252
1,cg11931116,median,2252
1,cg11934695,median,2252
1,cg11935147,median,2252
1,cg11965370,median,2252
1,cg11982293,median,2252
1,cg12002303,median,2252
1,cg12007399,median,2252
1,cg12025310,median,2252
1,cg12043818,median,2252
1,cg12052661,median,2252
1,cg12075720,median,2252
1,cg12087643,median,2252
1,cg12089570,median,2252
1,cg12122146,median,2252
1,cg12161228,median,2252
1,cg12163490,median,2252
1,cg12164282,median,2252
1,cg12166610,median,2252
1,cg12172057,median,2252
1,cg12188986,median,2252
1,cg12200038,median,2252
1,cg12204732,median,2252
1,cg12212311,median,2252
1,cg12215340,median,2252
1,cg12246510,median,2252
1,cg12250496,median,2252
1,cg12258042,median,2252
1,cg12258161,median,2252
1,cg12268575,median,2252
1,cg12296605,median,2252
1,cg12296772,median,2252
1,cg12300353,median,2252
1,cg12315713,median,2252
1,cg12325536,median,2252
1,cg12338417,median,2252
1,cg12348202,median,2252
1,cg12373084,median,2252
1,cg12382398,median,2252
1,cg12453631,median,2252
1,cg12454814,median,2252
1,cg12457773,median,2252
1,cg12475507,median,2252
1,cg12483476,median,2252
1,cg12497564,median,2252
1,cg12506971,median,2252
1,cg12508451,median,2252
1,cg12513880,median,2252
1,cg12535280,median,2252
1,cg12544191,median,2252
1,cg12560987,median,2252
1,cg12563178,median,2252
1,cg12595013,median,2252
1,cg12597389,median,2252
1,cg12627071,median,2252
1,cg12630082,median,2252
1,cg12638731,median,2252
1,cg12645220,median,2252
1,cg12664209,median,2252
1,cg12670347,median,2252
1,cg12682684,median,2252
1,cg12685846,median,2252
1,cg12698487,median,2252
1,cg12764034,median,2252
1,cg12807794,median,2252
1,cg12816961,median,2252
1,cg12818557,median,2252
1,cg12828075,median,2252
1,cg12832313,median,2252
1,cg12833207,median,2252
1,cg12843518,median,2252
1,cg12844784,median,2252
1,cg12847240,median,2252
1,cg12852499,median,2252
1,cg12868305,median,2252
1,cg12877723,median,2252
1,cg12894649,median,2252
1,cg12908187,median,2252
1,cg12921750,median,2252
1,cg12926938,median,2252
1,cg12940822,median,2252
1,cg12951849,median,2252
1,cg12969644,median,2252
1,cg12988534,median,2252
1,cg12995800,median,2252
1,cg12997720,median,2252
1,cg13000912,median,2252
1,cg13016408,median,2252
1,cg13016524,median,2252
1,cg13021841,median,2252
1,cg13063344,median,2252
1,cg13078140,median,2252
1,cg13136510,median,2252
1,cg13153190,median,2252
1,cg13176012,median,2252
1,cg13193239,median,2252
1,cg13222752,median,2252
1,cg13246235,median,2252
1,cg13255216,median,2252
1,cg13272546,median,2252
1,cg13279673,median,2252
1,cg13300273,median,2252
1,cg13314145,median,2252
1,cg13321967,median,2252
1,cg13327545,median,2252
1,cg13344169,median,2252
1,cg13347071,median,2252
1,cg13358636,median,2252
1,cg13359415,median,2252
1,cg13405783,median,2252
1,cg13407975,median,2252
1,cg13425391,median,2252
1,cg13434842,median,2252
1,cg13441730,median,2252
1,cg13445796,median,2252
1,cg13448605,median,2252
1,cg13448753,median,2252
1,cg13460643,median,2252
1,cg13464915,median,2252
1,cg13481638,median,2252
1,cg13488201,median,2252
1,cg13514230,median,2252
1,cg13539545,median,2252
1,cg13561879,median,2252
1,cg13566648,median,2252
1,cg13570972,median,2252
1,cg13582816,median,2252
1,cg13596497,median,2252
1,cg13606569,median,2252
1,cg13623495,median,2252
1,cg13632816,median,2252
1,cg13633270,median,2252
1,cg13633497,median,2252
1,cg13637654,median,2252
1,cg13644317,median,2252
1,cg13653144,median,2252
1,cg13654588,median,2252
1,cg13683040,median,2252
1,cg13688769,median,2252
1,cg13721404,median,2252
1,cg13745201,median,2252
1,cg13755795,median,2252
1,cg13779907,median,2252
1,cg13781843,median,2252
1,cg13784792,median,2252
1,cg13786089,median,2252
1,cg13790603,median,2252
1,cg13822303,median,2252
1,cg13829550,median,2252
1,cg13855568,median,2252
1,cg13882284,median,2252
1,cg13887205,median,2252
1,cg13895765,median,2252
1,cg13904970,median,2252
1,cg13913012,median,2252
1,cg13914083,median,2252
1,cg13929328,median,2252
1,cg13933080,median,2252
1,cg13944175,median,2252
1,cg13954457,median,2252
1,cg13964092,median,2252
1,cg13974632,median,2252
1,cg13985784,median,2252
1,cg14006181,median,2252
1,cg14009098,median,2252
1,cg14015441,median,2252
1,cg14051544,median,2252
1,cg14056357,median,2252
1,cg14060111,median,2252
1,cg14065115,median,2252
1,cg14068328,median,2252
1,cg14080967,median,2252
1,cg14092045,median,2252
1,cg14095438,median,2252
1,cg14134497,median,2252
1,cg14155416,median,2252
1,cg14156405,median,2252
1,cg14156751,median,2252
1,cg14225485,median,2252
1,cg14246617,median,2252
1,cg14265823,median,2252
1,cg14270292,median,2252
1,cg14273450,median,2252
1,cg14305313,median,2252
1,cg14312538,median,2252
1,cg14317285,median,2252
1,cg14319235,median,2252
1,cg14323675,median,2252
1,cg14326196,median,2252
1,cg14335275,median,2252
1,cg14338425,median,2252
1,cg14345012,median,2252
1,cg14347199,median,2252
1,cg14352983,median,2252
1,cg14354327,median,2252
1,cg14356396,median,2252
1,cg14405924,median,2252
1,cg14410016,median,2252
1,cg14412322,median,2252
1,cg14424407,median,2252
1,cg14425564,median,2252
1,cg14427009,median,2252
1,cg14451382,median,2252
1,cg14473102,median,2252
1,cg14473145,median,2252
1,cg14473924,median,2252
1,cg14475702,median,2252
1,cg14502484,median,2252
1,cg14511946,median,2252
1,cg14512563,median,2252
1,cg14515453,median,2252
1,cg14556683,median,2252
1,cg14568830,median,2252
1,cg14571552,median,2252
1,cg14603345,median,2252
1,cg14604568,median,2252
1,cg14615336,median,2252
1,cg14621053,median,2252
1,cg14631386,median,2252
1,cg14631834,median,2252
1,cg14658067,median,2252
1,cg14658804,median,2252
1,cg14676407,median,2252
1,cg14699728,median,2252
1,cg14719951,median,2252
1,cg14730445,median,2252
1,cg14750948,median,2252
1,cg14772925,median,2252
1,cg14780632,median,2252
1,cg14809204,median,2252
1,cg14823851,median,2252
1,cg14832406,median,2252
1,cg14834938,median,2252
1,cg14836602,median,2252
1,cg14848594,median,2252
1,cg14866863,median,2252
1,cg14875171,median,2252
1,cg14907769,median,2252
1,cg14923640,median,2252
1,cg14941291,median,2252
1,cg14951598,median,2252
1,cg14959729,median,2252
1,cg14971895,median,2252
1,cg15007156,median,2252
1,cg15044957,median,2252
1,cg15045441,median,2252
1,cg15056556,median,2252
1,cg15061530,median,2252
1,cg15084543,median,2252
1,cg15092343,median,2252
1,cg15123984,median,2252
1,cg15133719,median,2252
1,cg15168727,median,2252
1,cg15180867,median,2252
1,cg15195276,median,2252
1,cg15222899,median,2252
1,cg15229481,median,2252
1,cg15254559,median,2252
1,cg15310492,median,2252
1,cg15335436,median,2252
1,cg15341124,median,2252
1,cg15370180,median,2252
1,cg15379354,median,2252
1,cg15382538,median,2252
1,cg15385623,median,2252
1,cg15397374,median,2252
1,cg15412102,median,2252
1,cg15416877,median,2252
1,cg15425280,median,2252
1,cg15426956,median,2252
1,cg15427886,median,2252
1,cg15439862,median,2252
1,cg15447787,median,2252
1,cg15449956,median,2252
1,cg15452970,median,2252
1,cg15476523,median,2252
1,cg15485728,median,2252
1,cg15529692,median,2252
1,cg15538070,median,2252
1,cg15543566,median,2252
1,cg15562220,median,2252
1,cg15594967,median,2252
1,cg15600488,median,2252
1,cg15602241,median,2252
1,cg15611413,median,2252
1,cg15639592,median,2252
1,cg15653173,median,2252
1,cg15703632,median,2252
1,cg15709235,median,2252
1,cg15712559,median,2252
1,cg15718066,median,2252
1,cg15731815,median,2252
1,cg15745900,median,2252
1,cg15785868,median,2252
1,cg15789607,median,2252
1,cg15818307,median,2252
1,cg15834072,median,2252
1,cg15843567,median,2252
1,cg15852516,median,2252
1,cg15861585,median,2252
1,cg15868105,median,2252
1,cg15873320,median,2252
1,cg15887709,median,2252
1,cg15892784,median,2252
1,cg15895690,median,2252
1,cg15909981,median,2252
1,cg15912800,median,2252
1,cg15914463,median,2252
1,cg15916004,median,2252
1,cg15916399,median,2252
1,cg15916646,median,2252
1,cg15927720,median,2252
1,cg15953602,median,2252
1,cg15957055,median,2252
1,cg15979173,median,2252
1,cg15984718,median,2252
1,cg15989068,median,2252
1,cg16005494,median,2252
1,cg16026922,median,2252
1,cg16043357,median,2252
1,cg16046561,median,2252
1,cg16061498,median,2252
1,cg16065021,median,2252
1,cg16065186,median,2252
1,cg16072688,median,2252
1,cg16081281,median,2252
1,cg16085531,median,2252
1,cg16086620,median,2252
1,cg16099804,median,2252
1,cg16179952,median,2252
1,cg16184803,median,2252
1,cg16198315,median,2252
1,cg16209664,median,2252
1,cg16219603,median,2252
1,cg16226962,median,2252
1,cg16232126,median,2252
1,cg16248329,median,2252
1,cg16257029,median,2252
1,cg16264705,median,2252
1,cg16269431,median,2252
1,cg16318053,median,2252
1,cg16334314,median,2252
1,cg16342439,median,2252
1,cg16361966,median,2252
1,cg16376000,median,2252
1,cg16376108,median,2252
1,cg16404157,median,2252
1,cg16419235,median,2252
1,cg16419354,median,2252
1,cg16428251,median,2252
1,cg16435571,median,2252
1,cg16458596,median,2252
1,cg16483916,median,2252
1,cg16492377,median,2252
1,cg16498194,median,2252
1,cg16509777,median,2252
1,cg16512615,median,2252
1,cg16512661,median,2252
1,cg16536329,median,2252
1,cg16541931,median,2252
1,cg16544169,median,2252
1,cg16549308,median,2252
1,cg16560711,median,2252
1,cg16587616,median,2252
1,cg16590794,median,2252
1,cg16632715,median,2252
1,cg16654911,median,2252
1,cg16664405,median,2252
1,cg16697438,median,2252
1,cg16703956,median,2252
1,cg16705627,median,2252
1,cg16729415,median,2252
1,cg16733705,median,2252
1,cg16735881,median,2252
1,cg16768018,median,2252
1,cg16773899,median,2252
1,cg16783744,median,2252
1,cg16800165,median,2252
1,cg16803083,median,2252
1,cg16816603,median,2252
1,cg16823083,median,2252
1,cg16851425,median,2252
1,cg16852704,median,2252
1,cg16896079,median,2252
1,cg16910830,median,2252
1,cg16919569,median,2252
1,cg16939364,median,2252
1,cg16949120,median,2252
1,cg16987305,median,2252
1,cg17003736,median,2252
1,cg17007640,median,2252
1,cg17025835,median,2252
1,cg17037282,median,2252
1,cg17039236,median,2252
1,cg17059658,median,2252
1,cg17076890,median,2252
1,cg17078116,median,2252
1,cg17093795,median,2252
1,cg17098147,median,2252
1,cg17101296,median,2252
1,cg17105834,median,2252
1,cg17112089,median,2252
1,cg17112958,median,2252
1,cg17132421,median,2252
1,cg17148976,median,2252
1,cg17154315,median,2252
1,cg17161718,median,2252
1,cg17173767,median,2252
1,cg17176573,median,2252
1,cg17186168,median,2252
1,cg17213402,median,2252
1,cg17227967,median,2252
1,cg17264670,median,2252
1,cg17270257,median,2252
1,cg17275700,median,2252
1,cg17283453,median,2252
1,cg17301902,median,2252
1,cg17302155,median,2252
1,cg17306747,median,2252
1,cg17326555,median,2252
1,cg17339147,median,2252
1,cg17349389,median,2252
1,cg17354303,median,2252
1,cg17360781,median,2252
1,cg17362434,median,2252
1,cg17368808,median,2252
1,cg17370163,median,2252
1,cg17405234,median,2252
1,cg17410236,median,2252
1,cg17412886,median,2252
1,cg17426273,median,2252
1,cg17438030,median,2252
1,cg17444738,median,2252
1,cg17445145,median,2252
1,cg17455088,median,2252
1,cg17457560,median,2252
1,cg17459204,median,2252
1,cg17484671,median,2252
1,cg17486097,median,2252
1,cg17496659,median,2252
1,cg17504999,median,2252
1,cg17525102,median,2252
1,cg17526229,median,2252
1,cg17526573,median,2252
1,cg17536595,median,2252
1,cg17541528,median,2252
1,cg17554604,median,2252
1,cg17555373,median,2252
1,cg17573292,median,2252
1,cg17580935,median,2252
1,cg17590523,median,2252
1,cg17603206,median,2252
1,cg17603689,median,2252
1,cg17605476,median,2252
1,cg17607298,median,2252
1,cg17619311,median,2252
1,cg17630392,median,2252
1,cg17653824,median,2252
1,cg17656260,median,2252
1,cg17674725,median,2252
1,cg17688525,median,2252
1,cg17696377,median,2252
1,cg17714025,median,2252
1,cg17716765,median,2252
1,cg17722002,median,2252
1,cg17737681,median,2252
1,cg17774672,median,2252
1,cg17795158,median,2252
1,cg17807479,median,2252
1,cg17814047,median,2252
1,cg17816394,median,2252
1,cg17828689,median,2252
1,cg17840719,median,2252
1,cg17855264,median,2252
1,cg17863912,median,2252
1,cg17875483,median,2252
1,cg17885226,median,2252
1,cg17892556,median,2252
1,cg17939805,median,2252
1,cg17942573,median,2252
1,cg17953764,median,2252
1,cg17954152,median,2252
1,cg17971015,median,2252
1,cg17980283,median,2252
1,cg18016194,median,2252
1,cg18026588,median,2252
1,cg18044383,median,2252
1,cg18058689,median,2252
1,cg18060199,median,2252
1,cg18070676,median,2252
1,cg18087306,median,2252
1,cg18104012,median,2252
1,cg18115040,median,2252
1,cg18115406,median,2252
1,cg18136932,median,2252
1,cg18143243,median,2252
1,cg18143296,median,2252
1,cg18147485,median,2252
1,cg18150439,median,2252
1,cg18156204,median,2252
1,cg18158990,median,2252
1,cg18159860,median,2252
1,cg18160402,median,2252
1,cg18174258,median,2252
1,cg18181196,median,2252
1,cg18183163,median,2252
1,cg18193094,median,2252
1,cg18194945,median,2252
1,cg18206027,median,2252
1,cg18235734,median,2252
1,cg18235937,median,2252
1,cg18239753,median,2252
1,cg18249173,median,2252
1,cg18252309,median,2252
1,cg18257814,median,2252
1,cg18273840,median,2252
1,cg18276638,median,2252
1,cg18297437,median,2252
1,cg18299578,median,2252
1,cg18299835,median,2252
1,cg18301583,median,2252
1,cg18301891,median,2252
1,cg18303215,median,2252
1,cg18307783,median,2252
1,cg18311537,median,2252
1,cg18315963,median,2252
1,cg18326021,median,2252
1,cg18343437,median,2252
1,cg18347642,median,2252
1,cg18366919,median,2252
1,cg18371475,median,2252
1,cg18384778,median,2252
1,cg18391899,median,2252
1,cg18395355,median,2252
1,cg18406033,median,2252
1,cg18410872,median,2252
1,cg18420965,median,2252
1,cg18447727,median,2252
1,cg18471993,median,2252
1,cg18483289,median,2252
1,cg18485193,median,2252
1,cg18490614,median,2252
1,cg18517195,median,2252
1,cg18541254,median,2252
1,cg18556676,median,2252
1,cg18582824,median,2252
1,cg18587806,median,2252
1,cg18596362,median,2252
1,cg18603228,median,2252
1,cg18651870,median,2252
1,cg18657094,median,2252
1,cg18679410,median,2252
1,cg18685561,median,2252
1,cg18686155,median,2252
1,cg18686527,median,2252
1,cg18687675,median,2252
1,cg18710784,median,2252
1,cg18731327,median,2252
1,cg18747039,median,2252
1,cg18747408,median,2252
1,cg18764577,median,2252
1,cg18770350,median,2252
1,cg18780257,median,2252
1,cg18794839,median,2252
1,cg18799217,median,2252
1,cg18849102,median,2252
1,cg18854419,median,2252
1,cg18855780,median,2252
1,cg18866015,median,2252
1,cg18918321,median,2252
1,cg18932726,median,2252
1,cg18948125,median,2252
1,cg18952796,median,2252
1,cg18961681,median,2252
1,cg18969232,median,2252
1,cg18972811,median,2252
1,cg18988498,median,2252
1,cg18989709,median,2252
1,cg19021738,median,2252
1,cg19024344,median,2252
1,cg19054524,median,2252
1,cg19078576,median,2252
1,cg19079194,median,2252
1,cg19084726,median,2252
1,cg19098763,median,2252
1,cg19101326,median,2252
1,cg19134568,median,2252
1,cg19149681,median,2252
1,cg19162158,median,2252
1,cg19165390,median,2252
1,cg19181162,median,2252
1,cg19194373,median,2252
1,cg19211800,median,2252
1,cg19230755,median,2252
1,cg19267252,median,2252
1,cg19275261,median,2252
1,cg19311218,median,2252
1,cg19346645,median,2252
1,cg19351628,median,2252
1,cg19360104,median,2252
1,cg19375479,median,2252
1,cg19384289,median,2252
1,cg19392831,median,2252
1,cg19396878,median,2252
1,cg19397320,median,2252
1,cg19407095,median,2252
1,cg19414591,median,2252
1,cg19414741,median,2252
1,cg19507068,median,2252
1,cg19508437,median,2252
1,cg19524676,median,2252
1,cg19536810,median,2252
1,cg19554389,median,2252
1,cg19560758,median,2252
1,cg19632594,median,2252
1,cg19651694,median,2252
1,cg19654195,median,2252
1,cg19656282,median,2252
1,cg19671120,median,2252
1,cg19671533,median,2252
1,cg19672997,median,2252
1,cg19707040,median,2252
1,cg19716238,median,2252
1,cg19721889,median,2252
1,cg19730691,median,2252
1,cg19744908,median,2252
1,cg19748093,median,2252
1,cg19760898,median,2252
1,cg19761848,median,2252
1,cg19768329,median,2252
1,cg19786627,median,2252
1,cg19792599,median,2252
1,cg19802138,median,2252
1,cg19804605,median,2252
1,cg19806642,median,2252
1,cg19815904,median,2252
1,cg19819145,median,2252
1,cg19821713,median,2252
1,cg19851909,median,2252
1,cg19885761,median,2252
1,cg19908812,median,2252
1,cg19909239,median,2252
1,cg19915738,median,2252
1,cg19922137,median,2252
1,cg19927816,median,2252
1,cg19942495,median,2252
1,cg19947104,median,2252
1,cg19949955,median,2252
1,cg19965221,median,2252
1,cg19993589,median,2252
1,cg20019985,median,2252
1,cg20040743,median,2252
1,cg20076842,median,2252
1,cg20106459,median,2252
1,cg20132590,median,2252
1,cg20183094,median,2252
1,cg20192747,median,2252
1,cg20219381,median,2252
1,cg20222926,median,2252
1,cg20232102,median,2252
1,cg20233073,median,2252
1,cg20248093,median,2252
1,cg20253468,median,2252
1,cg20268039,median,2252
1,cg20270188,median,2252
1,cg20271029,median,2252
1,cg20279283,median,2252
1,cg20289688,median,2252
1,cg20294789,median,2252
1,cg20305024,median,2252
1,cg20329085,median,2252
1,cg20334313,median,2252
1,cg20339230,median,2252
1,cg20340302,median,2252
1,cg20434926,median,2252
1,cg20449685,median,2252
1,cg20457796,median,2252
1,cg20467957,median,2252
1,cg20470857,median,2252
1,cg20478129,median,2252
1,cg20482698,median,2252
1,cg20483324,median,2252
1,cg20557687,median,2252
1,cg20584905,median,2252
1,cg20611911,median,2252
1,cg20631014,median,2252
1,cg20676716,median,2252
1,cg20677901,median,2252
1,cg20688709,median,2252
1,cg20710709,median,2252
1,cg20716119,median,2252
1,cg20720059,median,2252
1,cg20723355,median,2252
1,cg20778451,median,2252
1,cg20787173,median,2252
1,cg20792062,median,2252
1,cg20820063,median,2252
1,cg20829347,median,2252
1,cg20852846,median,2252
1,cg20887073,median,2252
1,cg20906291,median,2252
1,cg20927661,median,2252
1,cg20931033,median,2252
1,cg20937139,median,2252
1,cg20943338,median,2252
1,cg20956815,median,2252
1,cg20974724,median,2252
1,cg20979799,median,2252
1,cg20985450,median,2252
1,cg20985755,median,2252
1,cg20986652,median,2252
1,cg20992114,median,2252
1,cg21004042,median,2252
1,cg21053831,median,2252
1,cg21054521,median,2252
1,cg21091227,median,2252
1,cg21101356,median,2252
1,cg21113740,median,2252
1,cg21126583,median,2252
1,cg21154627,median,2252
1,cg21158087,median,2252
1,cg21166964,median,2252
1,cg21169914,median,2252
1,cg21170041,median,2252
1,cg21172540,median,2252
1,cg21173447,median,2252
1,cg21180286,median,2252
1,cg21187352,median,2252
1,cg21187769,median,2252
1,cg21229339,median,2252
1,cg21238818,median,2252
1,cg21269330,median,2252
1,cg21276413,median,2252
1,cg21300373,median,2252
1,cg21303386,median,2252
1,cg21325154,median,2252
1,cg21350575,median,2252
1,cg21384492,median,2252
1,cg21410991,median,2252
1,cg21415530,median,2252
1,cg21426003,median,2252
1,cg21458907,median,2252
1,cg21469278,median,2252
1,cg21474897,median,2252
1,cg21482659,median,2252
1,cg21488279,median,2252
1,cg21496658,median,2252
1,cg21498772,median,2252
1,cg21512644,median,2252
1,cg21537235,median,2252
1,cg21549299,median,2252
1,cg21553182,median,2252
1,cg21565130,median,2252
1,cg21573200,median,2252
1,cg21589115,median,2252
1,cg21595709,median,2252
1,cg21609640,median,2252
1,cg21617516,median,2252
1,cg21623566,median,2252
1,cg21640187,median,2252
1,cg21647257,median,2252
1,cg21649258,median,2252
1,cg21655915,median,2252
1,cg21678377,median,2252
1,cg21694941,median,2252
1,cg21699044,median,2252
1,cg21724798,median,2252
1,cg21762820,median,2252
1,cg21784383,median,2252
1,cg21802055,median,2252
1,cg21829923,median,2252
1,cg21834207,median,2252
1,cg21845273,median,2252
1,cg21856067,median,2252
1,cg21858380,median,2252
1,cg21870884,median,2252
1,cg21875330,median,2252
1,cg21884231,median,2252
1,cg21924449,median,2252
1,cg21926708,median,2252
1,cg21971621,median,2252
1,cg22010052,median,2252
1,cg22043168,median,2252
1,cg22065614,median,2252
1,cg22070406,median,2252
1,cg22095604,median,2252
1,cg22120714,median,2252
1,cg22125805,median,2252
1,cg22127570,median,2252
1,cg22147084,median,2252
1,cg22147660,median,2252
1,cg22170177,median,2252
1,cg22216413,median,2252
1,cg22221870,median,2252
1,cg22264930,median,2252
1,cg22274395,median,2252
1,cg22280038,median,2252
1,cg22300282,median,2252
1,cg22303418,median,2252
1,cg22305167,median,2252
1,cg22311615,median,2252
1,cg22320365,median,2252
1,cg22322465,median,2252
1,cg22328786,median,2252
1,cg22335876,median,2252
1,cg22374057,median,2252
1,cg22418909,median,2252
1,cg22484737,median,2252
1,cg22489321,median,2252
1,cg22496809,median,2252
1,cg22518208,median,2252
1,cg22557662,median,2252
1,cg22558303,median,2252
1,cg22562942,median,2252
1,cg22589628,median,2252
1,cg22598028,median,2252
1,cg22600868,median,2252
1,cg22620221,median,2252
1,cg22624022,median,2252
1,cg22629111,median,2252
1,cg22643811,median,2252
1,cg22650617,median,2252
1,cg22659676,median,2252
1,cg22665692,median,2252
1,cg22666373,median,2252
1,cg22679728,median,2252
1,cg22685409,median,2252
1,cg22694818,median,2252
1,cg22702328,median,2252
1,cg22706610,median,2252
1,cg22720041,median,2252
1,cg22727965,median,2252
1,cg22746058,median,2252
1,cg22759823,median,2252
1,cg22762091,median,2252
1,cg22762215,median,2252
1,cg22812955,median,2252
1,cg22821324,median,2252
1,cg22832061,median,2252
1,cg22836229,median,2252
1,cg22853427,median,2252
1,cg22866015,median,2252
1,cg22869726,median,2252
1,cg22871668,median,2252
1,cg22879667,median,2252
1,cg22931604,median,2252
1,cg22950163,median,2252
1,cg22954449,median,2252
1,cg22958047,median,2252
1,cg23016734,median,2252
1,cg23018092,median,2252
1,cg23037403,median,2252
1,cg23042510,median,2252
1,cg23085662,median,2252
1,cg23090870,median,2252
1,cg23093589,median,2252
1,cg23130097,median,2252
1,cg23130131,median,2252
1,cg23151024,median,2252
1,cg23208513,median,2252
1,cg23244910,median,2252
1,cg23254031,median,2252
1,cg23266743,median,2252
1,cg23267759,median,2252
1,cg23281154,median,2252
1,cg23284720,median,2252
1,cg23294090,median,2252
1,cg23316787,median,2252
1,cg23318063,median,2252
1,cg23322933,median,2252
1,cg23331421,median,2252
1,cg23331484,median,2252
1,cg23335460,median,2252
1,cg23337382,median,2252
1,cg23341223,median,2252
1,cg23368787,median,2252
1,cg23412793,median,2252
1,cg23419635,median,2252
1,cg23449696,median,2252
1,cg23463269,median,2252
1,cg23479922,median,2252
1,cg23495279,median,2252
1,cg23495748,median,2252
1,cg23496260,median,2252
1,cg23497016,median,2252
1,cg23521835,median,2252
1,cg23536473,median,2252
1,cg23546474,median,2252
1,cg23588217,median,2252
1,cg23606718,median,2252
1,cg23621097,median,2252
1,cg23629998,median,2252
1,cg23668184,median,2252
1,cg23683254,median,2252
1,cg23683588,median,2252
1,cg23695504,median,2252
1,cg23697855,median,2252
1,cg23708361,median,2252
1,cg23712342,median,2252
1,cg23729107,median,2252
1,cg23730181,median,2252
1,cg23746497,median,2252
1,cg23748737,median,2252
1,cg23771603,median,2252
1,cg23805357,median,2252
1,cg23833452,median,2252
1,cg23839136,median,2252
1,cg23847712,median,2252
1,cg23873669,median,2252
1,cg23881278,median,2252
1,cg23883696,median,2252
1,cg23889730,median,2252
1,cg23891996,median,2252
1,cg23896164,median,2252
1,cg23906738,median,2252
1,cg23922259,median,2252
1,cg23944251,median,2252
1,cg23978504,median,2252
1,cg23999695,median,2252
1,cg24021956,median,2252
1,cg24035245,median,2252
1,cg24041917,median,2252
1,cg24054190,median,2252
1,cg24073122,median,2252
1,cg24089600,median,2252
1,cg24092282,median,2252
1,cg24109612,median,2252
1,cg24120841,median,2252
1,cg24133115,median,2252
1,cg24136205,median,2252
1,cg24164564,median,2252
1,cg24176563,median,2252
1,cg24189904,median,2252
1,cg24190603,median,2252
1,cg24198558,median,2252
1,cg24201034,median,2252
1,cg24213719,median,2252
1,cg24228329,median,2252
1,cg24275315,median,2252
1,cg24301620,median,2252
1,cg24309428,median,2252
1,cg24319902,median,2252
1,cg24328125,median,2252
1,cg24346629,median,2252
1,cg24353443,median,2252
1,cg24362812,median,2252
1,cg24366557,median,2252
1,cg24367628,median,2252
1,cg24396691,median,2252
1,cg24410535,median,2252
1,cg24430140,median,2252
1,cg24446586,median,2252
1,cg24452260,median,2252
1,cg24488891,median,2252
1,cg24525176,median,2252
1,cg24534566,median,2252
1,cg24563570,median,2252
1,cg24566400,median,2252
1,cg24567424,median,2252
1,cg24575234,median,2252
1,cg24578124,median,2252
1,cg24583615,median,2252
1,cg24599249,median,2252
1,cg24603464,median,2252
1,cg24613080,median,2252
1,cg24617696,median,2252
1,cg24621437,median,2252
1,cg24632247,median,2252
1,cg24633978,median,2252
1,cg24665290,median,2252
1,cg24675998,median,2252
1,cg24693053,median,2252
1,cg24695832,median,2252
1,cg24719005,median,2252
1,cg24740218,median,2252
1,cg24745495,median,2252
1,cg24767956,median,2252
1,cg24768649,median,2252
1,cg24783211,median,2252
1,cg24799620,median,2252
1,cg24809973,median,2252
1,cg24811864,median,2252
1,cg24842733,median,2252
1,cg24843380,median,2252
1,cg24863335,median,2252
1,cg24869601,median,2252
1,cg24880056,median,2252
1,cg24880701,median,2252
1,cg24923694,median,2252
1,cg24933645,median,2252
1,cg24935332,median,2252
1,cg24938830,median,2252
1,cg24945701,median,2252
1,cg25032595,median,2252
1,cg25033990,median,2252
1,cg25044651,median,2252
1,cg25052664,median,2252
1,cg25084878,median,2252
1,cg25124276,median,2252
1,cg25125060,median,2252
1,cg25145765,median,2252
1,cg25146017,median,2252
1,cg25146557,median,2252
1,cg25147376,median,2252
1,cg25168494,median,2252
1,cg25174438,median,2252
1,cg25181651,median,2252
1,cg25191850,median,2252
1,cg25201047,median,2252
1,cg25209842,median,2252
1,cg25218716,median,2252
1,cg25237016,median,2252
1,cg25250358,median,2252
1,cg25260137,median,2252
1,cg25267072,median,2252
1,cg25286333,median,2252
1,cg25302957,median,2252
1,cg25308508,median,2252
1,cg25345178,median,2252
1,cg25351606,median,2252
1,cg25382400,median,2252
1,cg25403721,median,2252
1,cg25439496,median,2252
1,cg25444386,median,2252
1,cg25482786,median,2252
1,cg25486757,median,2252
1,cg25495650,median,2252
1,cg25496678,median,2252
1,cg25500080,median,2252
1,cg25509872,median,2252
1,cg25527090,median,2252
1,cg25557432,median,2252
1,cg25557835,median,2252
1,cg25570278,median,2252
1,cg25571189,median,2252
1,cg25623768,median,2252
1,cg25627226,median,2252
1,cg25635352,median,2252
1,cg25649641,median,2252
1,cg25657713,median,2252
1,cg25684999,median,2252
1,cg25688568,median,2252
1,cg25691167,median,2252
1,cg25722465,median,2252
1,cg25724283,median,2252
1,cg25739875,median,2252
1,cg25744767,median,2252
1,cg25763393,median,2252
1,cg25796439,median,2252
1,cg25800765,median,2252
1,cg25894658,median,2252
1,cg25915838,median,2252
1,cg25920406,median,2252
1,cg25939742,median,2252
1,cg25942450,median,2252
1,cg25970832,median,2252
1,cg25984344,median,2252
1,cg25984671,median,2252
1,cg25996084,median,2252
1,cg26000663,median,2252
1,cg26001902,median,2252
1,cg26004759,median,2252
1,cg26048025,median,2252
1,cg26055770,median,2252
1,cg26056703,median,2252
1,cg26059468,median,2252
1,cg26060489,median,2252
1,cg26078977,median,2252
1,cg26091021,median,2252
1,cg26094789,median,2252
1,cg26113809,median,2252
1,cg26114043,median,2252
1,cg26115633,median,2252
1,cg26116485,median,2252
1,cg26118906,median,2252
1,cg26124980,median,2252
1,cg26126806,median,2252
1,cg26133769,median,2252
1,cg26144658,median,2252
1,cg26157385,median,2252
1,cg26162616,median,2252
1,cg26163578,median,2252
1,cg26186727,median,2252
1,cg26195356,median,2252
1,cg26199576,median,2252
1,cg26200580,median,2252
1,cg26220018,median,2252
1,cg26239725,median,2252
1,cg26248284,median,2252
1,cg26249106,median,2252
1,cg26249873,median,2252
1,cg26252281,median,2252
1,cg26301788,median,2252
1,cg26304237,median,2252
1,cg26312150,median,2252
1,cg26316023,median,2252
1,cg26320696,median,2252
1,cg26325335,median,2252
1,cg26333652,median,2252
1,cg26351229,median,2252
1,cg26354128,median,2252
1,cg26357587,median,2252
1,cg26410450,median,2252
1,cg26422458,median,2252
1,cg26422488,median,2252
1,cg26446499,median,2252
1,cg26452056,median,2252
1,cg26492514,median,2252
1,cg26503073,median,2252
1,cg26517714,median,2252
1,cg26549701,median,2252
1,cg26554592,median,2252
1,cg26557693,median,2252
1,cg26558485,median,2252
1,cg26578856,median,2252
1,cg26609631,median,2252
1,cg26619317,median,2252
1,cg26636193,median,2252
1,cg26642224,median,2252
1,cg26650638,median,2252
1,cg26659079,median,2252
1,cg26675654,median,2252
1,cg26685195,median,2252
1,cg26705266,median,2252
1,cg26705953,median,2252
1,cg26705960,median,2252
1,cg26708319,median,2252
1,cg26715952,median,2252
1,cg26721877,median,2252
1,cg26748945,median,2252
1,cg26763877,median,2252
1,cg26805749,median,2252
1,cg26808747,median,2252
1,cg26813646,median,2252
1,cg26817217,median,2252
1,cg26819695,median,2252
1,cg26844246,median,2252
1,cg26855918,median,2252
1,cg26856607,median,2252
1,cg26872137,median,2252
1,cg26875805,median,2252
1,cg26885220,median,2252
1,cg26886462,median,2252
1,cg26902216,median,2252
1,cg26923490,median,2252
1,cg26925231,median,2252
1,cg26931862,median,2252
1,cg26947626,median,2252
1,cg26955835,median,2252
1,cg26963356,median,2252
1,cg26967100,median,2252
1,cg26990587,median,2252
1,cg27003782,median,2252
1,cg27020216,median,2252
1,cg27024876,median,2252
1,cg27043726,median,2252
1,cg27044841,median,2252
1,cg27050153,median,2252
1,cg27062795,median,2252
1,cg27094244,median,2252
1,cg27100990,median,2252
1,cg27114644,median,2252
1,cg27120816,median,2252
1,cg27137983,median,2252
1,cg27176138,median,2252
1,cg27196745,median,2252
1,cg27209578,median,2252
1,cg27213509,median,2252
1,cg27223047,median,2252
1,cg27232145,median,2252
1,cg27272677,median,2252
1,cg27280575,median,2252
1,cg27302539,median,2252
1,cg27315556,median,2252
1,cg27317647,median,2252
1,cg27338487,median,2252
1,cg27343616,median,2252
1,cg27344587,median,2252
1,cg27346707,median,2252
1,cg27353143,median,2252
1,cg27360326,median,2252
1,cg27382790,median,2252
1,cg27391267,median,2252
1,cg27393010,median,2252
1,cg27423760,median,2252
1,cg27467929,median,2252
1,cg27526665,median,2252
1,cg27591349,median,2252
1,cg27603796,median,2252
1,cg27604416,median,2252
1,cg27606499,median,2252
1,cg27618240,median,2252
1,cg27621129,median,2252
1,cg27634151,median,2252
1,cg27638126,median,2252
1,cg27641522,median,2252
1,cg27648946,median,2252
1,cg27649239,median,2252
1,cg27659787,median,2252
2,cg01340312,median,41
2,cg01406381,median,41
2,cg01437204,median,41
2,cg01955153,median,41
2,cg02519286,median,41
2,cg02610723,median,41
2,cg03290131,median,41
2,cg03725309,median,41
2,cg03881294,median,41
2,cg04381957,median,41
2,cg05168229,median,41
2,cg05395210,median,41
2,cg05492306,median,41
2,cg06007201,median,41
2,cg06285727,median,41
2,cg07092212,median,41
2,cg08105590,median,41
2,cg08872742,median,41
2,cg08913523,median,41
2,cg09834049,median,41
2,cg11961845,median,41
2,cg12142865,median,41
2,cg13092901,median,41
2,cg13591783,median,41
2,cg16618104,median,41
2,cg17666418,median,41
2,cg17827670,median,41
2,cg18458509,median,41
2,cg21545859,median,41
2,cg22810489,median,41
2,cg23190089,median,41
2,cg23919111,median,41
2,cg24185397,median,41
2,cg25607249,median,41
2,cg25691553,median,41
2,cg26140475,median,41
2,cg26170244,median,41
2,cg26695387,median,41
2,cg26954174,median,41
2,cg26963632,median,41
2,cg27004870,median,41
3,cg00947782,median,13
3,cg03343571,median,13
3,cg06249604,median,13
3,cg07179033,median,13
3,cg07382347,median,13
3,cg08491487,median,13
3,cg09279736,median,13
3,cg10930308,median,13
3,cg13185413,median,13
3,cg13918754,median,13
3,cg16078649,median,13
3,cg18930910,median,13
3,cg23712018,median,13
4,cg03562414,median,11
4,cg06878361,median,11
4,cg09547119,median,11
4,cg10635122,median,11
4,cg10783469,median,11
4,cg11269599,median,11
4,cg12227172,median,11
4,cg16731240,median,11
4,cg22331349,median,11
4,cg23010048,median,11
4,cg24794228,median,11
5,cg00059225,median,20
5,cg00439658,median,20
5,cg00748589,median,20
5,cg06493994,median,20
5,cg06639320,median,20
5,cg07547549,median,20
5,cg07553761,median,20
5,cg08316825,median,20
5,cg10189695,median,20
5,cg11970349,median,20
5,cg12757011,median,20
5,cg12878812,median,20
5,cg13649056,median,20
5,cg15480367,median,20
5,cg15618978,median,20
5,cg16867657,median,20
5,cg17110586,median,20
5,cg21572722,median,20
5,cg23500537,median,20
5,cg24079702,median,20
6,cg00653847,median,21
6,cg03677924,median,21
6,cg04204669,median,21
6,cg04632997,median,21
6,cg04896437,median,21
6,cg05344066,median,21
6,cg09791504,median,21
6,cg11231631,median,21
6,cg12577320,median,21
6,cg13106156,median,21
6,cg13135455,median,21
6,cg14646983,median,21
6,cg14857193,median,21
6,cg17206420,median,21
6,cg17401106,median,21
6,cg20116935,median,21
6,cg20661303,median,21
6,cg21301148,median,21
6,cg21448513,median,21
6,cg24952158,median,21
6,cg26847866,median,21
7,cg01116059,median,9
7,cg04226749,median,9
7,cg10055771,median,9
7,cg10263682,median,9
7,cg11131532,median,9
7,cg11536474,median,9
7,cg16366843,median,9
7,cg24663256,median,9
7,cg24721899,median,9
8,cg05691152,median,9
8,cg06594770,median,9
8,cg06644488,median,9
8,cg11540735,median,9
8,cg11679014,median,9
8,cg12325455,median,9
8,cg12379720,median,9
8,cg13897416,median,9
8,cg14268632,median,9
9,cg01592801,median,13
9,cg02561482,median,13
9,cg04499648,median,13
9,cg06329574,median,13
9,cg08005774,median,13
9,cg09302895,median,13
9,cg10833037,median,13
9,cg12233363,median,13
9,cg17097923,median,13
9,cg17694795,median,13
9,cg20491838,median,13
9,cg20585038,median,13
9,cg27513935,median,13
10,cg01569083,median,9
10,cg04425624,median,9
10,cg08553327,median,9
10,cg10650821,median,9
10,cg10717214,median,9
10,cg12681001,median,9
10,cg21222743,median,9
10,cg21467614,median,9
10,cg26729380,median,9
11,cg00144180,median,13
11,cg00259097,median,13
11,cg00625963,median,13
11,cg00786084,median,13
11,cg04324917,median,13
11,cg05305327,median,13
11,cg05805445,median,13
11,cg07102001,median,13
11,cg08362785,median,13
11,cg08469255,median,13
11,cg17820878,median,13
11,cg21232015,median,13
11,cg24130561,median,13
12,cg12377139,median,6
12,cg12610471,median,6
12,cg18247055,median,6
12,cg23016129,median,6
12,cg25778262,median,6
12,cg27076669,median,6
13,cg00303541,median,7
13,cg00664406,median,7
13,cg04453050,median,7
13,cg12934382,median,7
13,cg21213853,median,7
13,cg21899500,median,7
13,cg25693132,median,7
14,cg03234186,median,8
14,cg05661282,median,8
14,cg08668790,median,8
14,cg11294513,median,8
14,cg12506930,median,8
14,cg21790626,median,8
14,cg26465391,median,8
14,cg27049766,median,8
15,cg00090261,median,4
15,cg18425434,median,4
15,cg20051292,median,4
15,cg24848035,median,4
16,cg17880622,median,4
16,cg25829666,median,4
16,cg26139133,median,4
16,cg26146027,median,4
17,cg11945824,median,10
17,cg13782301,median,10
17,cg14027333,median,10
17,cg14531663,median,10
17,cg14757228,median,10
17,cg17955729,median,10
17,cg21035875,median,10
17,cg21570988,median,10
17,cg25955180,median,10
17,cg27067781,median,10
18,cg00699945,median,4
18,cg01303723,median,4
18,cg15304699,median,4
18,cg24659054,median,4
19,cg03431846,median,6
19,cg07516252,median,6
19,cg16425038,median,6
19,cg18556834,median,6
19,cg18628371,median,6
19,cg19989295,median,6
20,cg03402459,median,5
20,cg06087185,median,5
20,cg09205920,median,5
20,cg20723129,median,5
20,cg21133153,median,5
21,cg02150988,median,4
21,cg05099387,median,4
21,cg19542816,median,4
21,cg23420260,median,4
22,cg00448707,median,5
22,cg13697378,median,5
22,cg20149168,median,5
22,cg22901840,median,5
22,cg24871743,median,5
23,cg05436231,median,3
23,cg10961604,median,3
23,cg11955474,median,3
24,cg02469909,median,3
24,cg03364108,median,3
24,cg12492885,median,3
25,cg03573446,median,5
25,cg10941747,median,5
25,cg12518442,median,5
25,cg14839404,median,5
25,cg22047703,median,5
26,cg04328477,median,4
26,cg04513006,median,4
26,cg06723863,median,4
26,cg08694699,median,4
27,cg04074140,median,6
27,cg10364041,median,6
27,cg10470588,median,6
27,cg20129242,median,6
27,cg24897255,median,6
27,cg27567401,median,6
28,cg01530101,median,5
28,cg05029822,median,5
28,cg12198813,median,5
28,cg23008562,median,5
28,cg25203481,median,5
29,cg01047555,median,4
29,cg12462816,median,4
29,cg13612083,median,4
29,cg16001722,median,4
30,cg15845821,median,4
30,cg19344626,median,4
30,cg19784428,median,4
30,cg20249566,median,4
31,cg00804078,median,4
31,cg02872426,median,4
31,cg07164639,median,4
31,cg14956327,median,4
32,cg07676859,median,4
32,cg14631053,median,4
32,cg18197392,median,4
32,cg22534145,median,4
33,cg03085549,median,4
33,cg03743982,median,4
33,cg03991512,median,4
33,cg16540789,median,4
34,cg18633600,median,2
34,cg18952026,median,2
35,cg17163168,median,4
35,cg17471939,median,4
35,cg17804348,median,4
35,cg26055950,median,4
36,cg01278873,median,4
36,cg07894352,median,4
36,cg14531862,median,4
36,cg15904523,median,4
37,cg01908954,median,3
37,cg11831981,median,3
37,cg19223299,median,3
38,cg18556788,median,2
38,cg22058122,median,2
39,cg00963169,median,2
39,cg13678973,median,2
40,cg00316839,median,2
40,cg22869030,median,2
41,cg08204702,median,2
41,cg24628676,median,2
42,cg20276377,median,2
42,cg22092811,median,2
43,cg07571451,median,2
43,cg14997413,median,2
44,cg11909748,median,3
44,cg12665460,median,3
44,cg14582763,median,3
45,cg08207377,median,4
45,cg15174905,median,4
45,cg24446071,median,4
45,cg26504305,median,4
46,cg07955995,median,4
46,cg08097417,median,4
46,cg14361627,median,4
46,cg22285878,median,4
47,cg06707978,median,2
47,cg21911021,median,2
48,cg08370546,median,4
48,cg13278478,median,4
48,cg19759064,median,4
48,cg21940640,median,4
49,cg05308819,median,5
49,cg07082267,median,5
49,cg11693709,median,5
49,cg17457912,median,5
49,cg22796704,median,5
50,cg00397986,median,2
50,cg09951349,median,2
51,cg03523785,median,2
51,cg23571812,median,2
52,cg03185593,median,2
52,cg07479670,median,2
53,cg05871694,median,2
53,cg06697536,median,2
54,cg01663603,median,3
54,cg12307787,median,3
54,cg12392473,median,3
55,cg08550421,median,3
55,cg18902090,median,3
55,cg23026864,median,3
56,cg02932314,median,4
56,cg12127472,median,4
56,cg12781700,median,4
56,cg17269633,median,4
57,cg22282410,median,2
57,cg27392792,median,2
58,cg08927006,median,2
58,cg18499443,median,2
59,cg04778012,median,3
59,cg10084644,median,3
59,cg15140703,median,3
60,cg20318166,median,3
60,cg22387369,median,3
60,cg25895948,median,3
61,cg06094615,median,3
61,cg18521914,median,3
61,cg22717227,median,3
62,cg03963198,median,3
62,cg14507560,median,3
62,cg24937747,median,3
63,cg02105519,median,3
63,cg16400492,median,3
63,cg23953697,median,3
64,cg00500705,median,2
64,cg24156796,median,2
65,cg18182399,median,3
65,cg20065463,median,3
65,cg24927800,median,3
66,cg00169725,median,3
66,cg01995468,median,3
66,cg23476877,median,3
67,cg14042143,median,3
67,cg16313758,median,3
67,cg18338984,median,3
68,cg17802949,median,2
68,cg19855470,median,2
69,cg03728674,median,3
69,cg18502099,median,3
69,cg26283480,median,3
70,cg00027400,median,2
70,cg07935012,median,2
71,cg14882054,median,2
71,cg18829268,median,2
72,cg10721149,median,2
72,cg13834623,median,2
73,cg15708153,median,2
73,cg26309134,median,2
74,cg06942685,median,2
74,cg21493505,median,2
75,cg09022422,median,2
75,cg26836233,median,2
76,cg05617469,median,2
76,cg24259244,median,2
77,cg01212887,median,2
77,cg23111830,median,2
78,cg13782090,median,2
78,cg22212691,median,2
79,cg03365437,median,3
79,cg13198321,median,3
79,cg14805347,median,3
80,cg20286200,median,2
80,cg20980055,median,2
81,cg00883831,median,3
81,cg13278353,median,3
81,cg22705959,median,3
82,cg11574469,median,2
82,cg25141674,median,2
83,cg02119363,median,3
83,cg04894619,median,3
83,cg13473356,median,3
84,cg06558502,median,2
84,cg26682068,median,2
85,cg05942459,median,3
85,cg13080565,median,3
85,cg22541254,median,3
86,cg01896761,median,2
86,cg18406197,median,2
87,cg10989897,median,2
87,cg18202449,median,2
88,cg11176990,median,3
88,cg12206199,median,3
88,cg22158769,median,3
89,cg11006267,median,3
89,cg19505546,median,3
89,cg27658304,median,3
90,cg12145907,median,3
90,cg12648074,median,3
90,cg15361590,median,3
91,cg07035659,median,2
91,cg07462756,median,2
92,cg05344430,median,2
92,cg11354629,median,2
93,cg12671082,median,2
93,cg21949333,median,2
94,cg06183338,median,2
94,cg20764887,median,2
95,cg13794993,median,2
95,cg15191648,median,2
96,cg21547708,median,2
96,cg22277994,median,2
97,cg02699218,median,2
97,cg04044664,median,2
98,cg16339238,median,2
98,cg17368760,median,2
99,cg01666793,median,2
99,cg03593550,median,2
100,cg06002370,median,2
100,cg22752008,median,2
101,cg12756396,median,2
101,cg25191628,median,2
102,cg14889768,median,2
102,cg20098887,median,2
103,cg00752099,median,2
103,cg02778418,median,2
104,cg01688688,median,2
104,cg25603636,median,2
105,cg05756933,median,2
105,cg15381304,median,2
106,cg22856324,median,2
106,cg22979783,median,2
107,cg17816908,median,2
107,cg21517947,median,2
108,cg18327056,median,2
108,cg20491914,median,2
109,cg13612317,median,2
109,cg14776578,median,2
110,cg03738352,median,2
110,cg19766441,median,2
111,cg12157673,median,2
111,cg22832557,median,2
112,cg16960758,median,2
112,cg25694915,median,2
113,cg00273449,median,2
113,cg20945085,median,2
114,cg08328777,median,2
114,cg19295951,median,2
115,cg19612068,median,2
115,cg22273555,median,2
116,cg00688297,median,2
116,cg05828690,median,2
117,cg26614073,median,2
117,cg27386529,median,2
118,cg17767285,median,2
118,cg18213472,median,2
119,cg02151625,median,2
119,cg03945700,median,2
120,cg02391713,median,2
120,cg22620090,median,2
121,cg06128028,median,2
121,cg23602974,median,2
122,cg00048759,median,2
122,cg18691434,median,2
123,cg06226630,median,2
123,cg10242160,median,2
124,cg07643096,median,2
124,cg27642470,median,2
125,cg14973055,median,2
125,cg16358867,median,2
126,cg09410607,median,2
126,cg14556303,median,2
127,cg11920122,median,2
127,cg14612428,median,2
128,cg16054275,median,2
128,cg25256723,median,2
129,cg02796545,median,2
129,cg23132624,median,2
130,cg07963234,median,2
130,cg15448975,median,2
131,cg20222376,median,2
131,cg25533247,median,2
132,cg16667279,median,2
132,cg18582342,median,2
133,cg22897615,median,2
133,cg24125828,median,2
134,cg07578695,median,2
134,cg27513574,median,2
135,cg10171347,median,2
135,cg19355087,median,2
136,cg20595453,median,2
136,cg25371036,median,2
137,cg13790576,median,2
137,cg23469878,median,2
138,cg00509431,median,2
138,cg04721116,median,2
139,cg00064261,median,2
139,cg11689813,median,2
140,cg17179314,median,2
140,cg24369989,median,2
141,cg01555014,median,2
141,cg04093047,median,2
142,cg01557798,median,2
142,cg04193160,median,2
143,cg02513379,median,2
143,cg16454902,median,2
144,cg01410876,median,2
144,cg04731544,median,2
145,cg05406635,median,2
145,cg16717713,median,2
146,cg05492839,median,2
146,cg18417423,median,2
147,cg00286125,median,2
147,cg05368740,median,2
148,cg08620606,median,2
148,cg18097850,median,2
149,cg03304380,median,2
149,cg20536983,median,2
150,cg00069242,median,2
150,cg16271600,median,2
151,cg07806886,median,2
151,cg17321954,median,2
152,cg04275362,median,2
152,cg15676719,median,2
153,cg11126134,median,2
153,cg24891133,median,2
154,cg10077239,median,2
154,cg16117273,median,2
155,cg02973171,median,2
155,cg19320476,median,2
156,cg05807885,median,2
156,cg15962547,median,2
157,cg10812186,median,2
157,cg24055029,median,2
158,cg02694017,median,2
158,cg25235766,median,2
159,cg04543008,median,2
159,cg11334771,median,2
160,cg06368093,median,2
160,cg12259537,median,2
161,cg04672706,median,2
161,cg15186181,median,2
162,cg06272038,median,2
162,cg10526374,median,2
163,cg09492887,median,2
163,cg25288897,median,2
164,cg09310092,median,2
164,cg18450254,median,2
165,cg15809217,median,2
165,cg16171137,median,2
166,cg01020263,median,2
166,cg01243823,median,2
167,cg07883823,median,2
167,cg22117918,median,2
168,cg08015382,median,2
168,cg16201146,median,2
169,cg08655662,median,2
169,cg20263901,median,2
170,cg17380661,median,2
170,cg27252696,median,2
171,cg01873886,median,2
171,cg08046044,median,2
172,cg08455099,median,2
172,cg24871414,median,2
173,cg03754403,median,2
173,cg16615154,median,2
174,cg04905434,median,2
174,cg21638161,median,2
175,cg04138185,median,2
175,cg14096889,median,2
176,cg01097384,median,2
176,cg19389884,median,2
177,cg03438552,median,2
177,cg08998192,median,2
178,cg12948621,median,2
178,cg14166009,median,2
179,cg00481644,median,2
179,cg20738500,median,2
180,cg02030542,median,2
180,cg06911110,median,2
181,cg02281167,median,2
181,cg03771840,median,2
182,cg04842146,median,2
182,cg23649708,median,2
183,cg06247837,median,2
183,cg10986043,median,2
184,cg02365514,median,2
184,cg27499860,median,2
185,cg05295557,median,2
185,cg07115542,median,2
186,cg03484180,median,2
186,cg13072940,median,2
187,cg02767613,median,2
187,cg05347845,median,2
188,cg15051960,median,2
188,cg24942186,median,2
189,cg18074297,median,2
189,cg19200589,median,2
190,cg14573411,median,2
190,cg15922174,median,2
191,cg13816999,median,2
191,cg25246431,median,2
192,cg07739179,median,2
192,cg10172783,median,2
193,cg00394316,median,2
193,cg11983867,median,2
194,cg24637364,median,2
194,cg26963271,median,2
195,cg07502389,median,2
195,cg18267374,median,2
196,cg02286091,median,2
196,cg10660256,median,2
197,cg05039475,median,2
197,cg10796805,median,2
198,cg07850154,median,2
198,cg17621438,median,2
199,cg03757784,median,2
199,cg19064258,median,2
200,cg06900164,median,2
200,cg13218710,median,2
201,cg10523019,median,2
201,cg19451698,median,2
202,cg01321673,median,2
202,cg04485799,median,2
203,cg01256539,median,2
203,cg06526721,median,2
204,cg27152890,median,2
204,cg27553457,median,2
205,cg08277369,median,2
205,cg09259081,median,2
206,cg07702750,median,2
206,cg19929126,median,2
207,cg09574757,median,2
207,cg21517904,median,2
208,cg00667751,median,2
208,cg27304020,median,2
209,cg05542681,median,2
209,cg10791317,median,2
210,cg18324707,median,2
210,cg22428147,median,2
211,cg06178563,median,2
211,cg22265644,median,2
212,cg10640944,median,2
212,cg24531022,median,2
213,cg09014329,median,2
213,cg19935040,median,2
214,cg11624524,median,2
214,cg24667575,median,2
215,cg00032205,median,2
215,cg15747595,median,2
216,cg00660608,median,2
216,cg03084724,median,2
217,cg12699286,median,2
217,cg24500832,median,2
218,cg01564268,median,2
218,cg15825321,median,2
219,cg09663111,median,2
219,cg19155932,median,2
220,cg07027613,median,2
220,cg21990700,median,2
221,cg13944685,median,2
221,cg16385335,median,2
222,cg13557668,median,2
222,cg26664161,median,2
223,cg13895343,median,2
223,cg14854355,median,2
224,cg10917602,median,2
224,cg20010135,median,2
225,cg16009734,median,2
225,cg21683284,median,2
226,cg21200656,median,2
226,cg27147819,median,2
227,cg22167515,median,2
227,cg24139093,median,2
228,cg09278980,median,2
228,cg27639942,median,2
229,cg02964724,median,2
229,cg27252164,median,2
230,cg06933824,median,2
230,cg07485775,median,2
231,cg14442492,median,2
231,cg19419291,median,2
232,cg02626129,median,2
232,cg19863655,median,2
233,cg02286081,median,2
233,cg14356799,median,2
234,cg21800232,median,2
234,cg25316339,median,2
235,cg03039990,median,2
235,cg18186343,median,2
236,cg04739647,median,2
236,cg05167251,median,2
237,cg01429449,median,2
237,cg04452311,median,2
238,cg15471953,median,2
238,cg21925310,median,2
239,cg12441967,median,2
239,cg22059073,median,2
240,cg18511007,median,2
240,cg26942275,median,2
241,cg04317962,median,2
241,cg09422450,median,2
242,cg17190891,median,2
242,cg24707573,median,2
243,cg01337391,median,2
243,cg05544500,median,2
244,cg02401454,median,2
244,cg07703401,median,2
245,cg14016177,singleton,1
246,cg12181133,singleton,1
247,cg14058848,singleton,1
248,cg14295611,singleton,1
249,cg12250872,singleton,1
250,cg07100508,singleton,1
251,cg00272971,singleton,1
252,cg00168942,singleton,1
253,cg14314674,singleton,1
254,cg14438325,singleton,1
255,cg13861180,singleton,1
256,cg13852561,singleton,1
257,cg00036732,singleton,1
258,cg13850871,singleton,1
259,cg12626956,singleton,1
260,cg14257429,singleton,1
261,cg07714757,singleton,1
262,cg14669274,singleton,1
263,cg11308840,singleton,1
264,cg14254767,singleton,1
265,cg02402091,singleton,1
266,cg01185921,singleton,1
267,cg01072942,singleton,1
268,cg11453712,singleton,1
269,cg08040428,singleton,1
270,cg11746851,singleton,1
271,cg00982799,singleton,1
272,cg00701692,singleton,1
273,cg00533891,singleton,1
274,cg14131273,singleton,1
275,cg14506657,singleton,1
276,cg11873854,singleton,1
277,cg12179661,singleton,1
278,cg13630871,singleton,1
279,cg14522767,singleton,1
280,cg14551562,singleton,1
281,cg13767625,singleton,1
282,cg15829006,singleton,1
283,cg16386080,singleton,1
284,cg23379309,singleton,1
285,cg08032135,singleton,1
286,cg16898420,singleton,1
287,cg21161526,singleton,1
288,cg13807549,singleton,1
289,cg13636189,singleton,1
290,cg08125821,singleton,1
291,cg13732465,singleton,1
292,cg21120249,singleton,1
293,cg13657200,singleton,1
294,cg13728834,singleton,1
295,cg20300246,singleton,1
296,cg17009433,singleton,1
297,cg25766046,singleton,1
298,cg13835114,singleton,1
299,cg13501527,singleton,1
300,cg14442421,singleton,1
301,cg19724470,singleton,1
302,cg26581729,singleton,1
303,cg13593562,singleton,1
304,cg26447413,singleton,1
305,cg14507845,singleton,1
306,cg25822709,singleton,1
307,cg13428009,singleton,1
308,cg23804481,singleton,1
309,cg08458733,singleton,1
310,cg23553442,singleton,1
311,cg08334899,singleton,1
312,cg14514569,singleton,1
313,cg13619074,singleton,1
314,cg08231709,singleton,1
315,cg13823169,singleton,1
316,cg11750592,singleton,1
317,cg20912874,singleton,1
318,cg20988565,singleton,1
319,cg13021857,singleton,1
320,cg12883523,singleton,1
321,cg21073927,singleton,1
322,cg21130958,singleton,1
323,cg21186098,singleton,1
324,cg21239940,singleton,1
325,cg21255438,singleton,1
326,cg12751432,singleton,1
327,cg12402251,singleton,1
328,cg12196232,singleton,1
329,cg11981599,singleton,1
330,cg21293242,singleton,1
331,cg21333674,singleton,1
332,cg20800022,singleton,1
333,cg22048474,singleton,1
334,cg22129180,singleton,1
335,cg11603463,singleton,1
336,cg22225886,singleton,1
337,cg22799963,singleton,1
338,cg22848150,singleton,1
339,cg23027580,singleton,1
340,cg23698023,singleton,1
341,cg11397370,singleton,1
342,cg23758305,singleton,1
343,cg23845889,singleton,1
344,cg11202634,singleton,1
345,cg23954787,singleton,1
346,cg24056567,singleton,1
347,cg24931242,singleton,1
348,cg16036528,singleton,1
349,cg14747813,singleton,1
350,cg13564533,singleton,1
351,cg14837598,singleton,1
352,cg14930884,singleton,1
353,cg13398291,singleton,1
354,cg14983606,singleton,1
355,cg15237923,singleton,1
356,cg15246619,singleton,1
357,cg15270654,singleton,1
358,cg15377283,singleton,1
359,cg15447540,singleton,1
360,cg15640503,singleton,1
361,cg15710198,singleton,1
362,cg15947176,singleton,1
363,cg15981092,singleton,1
364,cg25079691,singleton,1
365,cg16371032,singleton,1
366,cg16435779,singleton,1
367,cg16441259,singleton,1
368,cg16713687,singleton,1
369,cg17095489,singleton,1
370,cg18026631,singleton,1
371,cg13252206,singleton,1
372,cg18035229,singleton,1
373,cg18335796,singleton,1
374,cg18715243,singleton,1
375,cg18826572,singleton,1
376,cg19891728,singleton,1
377,cg20188739,singleton,1
378,cg20303399,singleton,1
379,cg13072625,singleton,1
380,cg06836406,singleton,1
381,cg09709472,singleton,1
382,cg03473042,singleton,1
383,cg03474926,singleton,1
384,cg03698343,singleton,1
385,cg04043571,singleton,1
386,cg04649530,singleton,1
387,cg05061804,singleton,1
388,cg05361262,singleton,1
389,cg09626984,singleton,1
390,cg09626193,singleton,1
391,cg05385163,singleton,1
392,cg09557462,singleton,1
393,cg09524907,singleton,1
394,cg06231995,singleton,1
395,cg06617876,singleton,1
396,cg03262554,singleton,1
397,cg07158339,singleton,1
398,cg07173635,singleton,1
399,cg07211259,singleton,1
400,cg07276118,singleton,1
401,cg07949217,singleton,1
402,cg08086728,singleton,1
403,cg09121695,singleton,1
404,cg08470639,singleton,1
405,cg08918749,singleton,1
406,cg08869955,singleton,1
407,cg08790269,singleton,1
408,cg08715231,singleton,1
409,cg09642020,singleton,1
410,cg10005978,singleton,1
411,cg11299964,singleton,1
412,cg00959431,singleton,1
413,cg25833672,singleton,1
414,cg11060276,singleton,1
415,cg25986105,singleton,1
416,cg25998745,singleton,1
417,cg10603004,singleton,1
418,cg26035118,singleton,1
419,cg26122129,singleton,1
420,cg26268277,singleton,1
421,cg27106513,singleton,1
422,cg27313642,singleton,1
423,cg00193668,singleton,1
424,cg00464519,singleton,1
425,cg00563932,singleton,1
426,cg00695112,singleton,1
427,cg00876267,singleton,1
428,cg08483876,singleton,1
429,cg10406295,singleton,1
430,cg09938511,singleton,1
431,cg01205831,singleton,1
432,cg01594949,singleton,1
433,cg01765174,singleton,1
434,cg01812894,singleton,1
435,cg01838004,singleton,1
436,cg01924448,singleton,1
437,cg02034102,singleton,1
438,cg02258201,singleton,1
439,cg02268013,singleton,1
440,cg02342594,singleton,1
441,cg02654291,singleton,1
442,cg02740582,singleton,1
443,cg05923914,singleton,1
444,cg07101980,singleton,1
445,cg07080372,singleton,1
446,cg06816235,singleton,1
447,cg06293294,singleton,1
448,cg06263495,singleton,1
449,cg06131936,singleton,1
450,cg06029905,singleton,1
451,cg05957169,singleton,1
452,cg07142201,singleton,1
453,cg05892674,singleton,1
454,cg05586607,singleton,1
455,cg05457684,singleton,1
456,cg05444816,singleton,1
457,cg05360577,singleton,1
458,cg05208605,singleton,1
459,cg05045027,singleton,1
460,cg04999352,singleton,1
461,cg07979752,singleton,1
462,cg09318763,singleton,1
463,cg09134593,singleton,1
464,cg08770647,singleton,1
465,cg08686462,singleton,1
466,cg08533783,singleton,1
467,cg08343101,singleton,1
468,cg08292023,singleton,1
469,cg08138505,singleton,1
470,cg04697265,singleton,1
471,cg07716052,singleton,1
472,cg07698783,singleton,1
473,cg07600636,singleton,1
474,cg07462292,singleton,1
475,cg07345999,singleton,1
476,cg07329360,singleton,1
477,cg07178006,singleton,1
478,cg01314044,singleton,1
479,cg02316596,singleton,1
480,cg02159381,singleton,1
481,cg02097792,singleton,1
482,cg02088673,singleton,1
483,cg01875106,singleton,1
484,cg01739327,singleton,1
485,cg01511567,singleton,1
486,cg01438090,singleton,1
487,cg02318971,singleton,1
488,cg01286655,singleton,1
489,cg01282174,singleton,1
490,cg01236063,singleton,1
491,cg01192900,singleton,1
492,cg01124546,singleton,1
493,cg01102854,singleton,1
494,cg00757070,singleton,1
495,cg03638795,singleton,1
496,cg04695027,singleton,1
497,cg04666029,singleton,1
498,cg04321396,singleton,1
499,cg04172497,singleton,1
500,cg04104132,singleton,1
501,cg03923934,singleton,1
502,cg03854796,singleton,1
503,cg03845289,singleton,1
504,cg09342225,singleton,1
505,cg03572680,singleton,1
506,cg03103661,singleton,1
507,cg03029752,singleton,1
508,cg02994974,singleton,1
509,cg02925222,singleton,1
510,cg02780919,singleton,1
511,cg02677946,singleton,1
512,cg16509978,singleton,1
513,cg17592231,singleton,1
514,cg17479956,singleton,1
515,cg17381377,singleton,1
516,cg17277529,singleton,1
517,cg17092519,singleton,1
518,cg16983588,singleton,1
519,cg16933224,singleton,1
520,cg16770368,singleton,1
521,cg18393958,singleton,1
522,cg16509239,singleton,1
523,cg16407471,singleton,1
524,cg16402814,singleton,1
525,cg15970259,singleton,1
526,cg15829826,singleton,1
527,cg15763258,singleton,1
528,cg15538427,singleton,1
529,cg14934413,singleton,1
530,cg19589811,singleton,1
531,cg20782778,singleton,1
532,cg20346726,singleton,1
533,cg20216139,singleton,1
534,cg20084652,singleton,1
535,cg19926902,singleton,1
536,cg19809039,singleton,1
537,cg19674669,singleton,1
538,cg19668951,singleton,1
539,cg14480266,singleton,1
540,cg19020830,singleton,1
541,cg18950778,singleton,1
542,cg18879828,singleton,1
543,cg18877285,singleton,1
544,cg18801806,singleton,1
545,cg18722841,singleton,1
546,cg18698884,singleton,1
547,cg10000952,singleton,1
548,cg11260848,singleton,1
549,cg10891482,singleton,1
550,cg10890346,singleton,1
551,cg10713715,singleton,1
552,cg10290276,singleton,1
553,cg10076902,singleton,1
554,cg10068989,singleton,1
555,cg10001186,singleton,1
556,cg11263364,singleton,1
557,cg09785586,singleton,1
558,cg09706243,singleton,1
559,cg09673208,singleton,1
560,cg09661809,singleton,1
561,cg09633579,singleton,1
562,cg09585333,singleton,1
563,cg09419102,singleton,1
564,cg12711760,singleton,1
565,cg14144305,singleton,1
566,cg14039301,singleton,1
567,cg13806741,singleton,1
568,cg13625026,singleton,1
569,cg13452386,singleton,1
570,cg12782992,singleton,1
571,cg12776156,singleton,1
572,cg12758687,singleton,1
573,cg00609834,singleton,1
574,cg12298445,singleton,1
575,cg12189835,singleton,1
576,cg11930477,singleton,1
577,cg11772171,singleton,1
578,cg11741201,singleton,1
579,cg11735997,singleton,1
580,cg11718317,singleton,1
581,cg09558425,singleton,1
582,cg11438428,singleton,1
583,cg11310639,singleton,1
584,cg11228126,singleton,1
585,cg10765471,singleton,1
586,cg10684486,singleton,1
587,cg10648197,singleton,1
588,cg09890775,singleton,1
589,cg09758680,singleton,1
590,cg11612647,singleton,1
591,cg09038267,singleton,1
592,cg08949408,singleton,1
593,cg08529882,singleton,1
594,cg08461586,singleton,1
595,cg08361126,singleton,1
596,cg08293528,singleton,1
597,cg08231189,singleton,1
598,cg08218734,singleton,1
599,cg13905757,singleton,1
600,cg15298486,singleton,1
601,cg15081351,singleton,1
602,cg14990643,singleton,1
603,cg14826456,singleton,1
604,cg14737286,singleton,1
605,cg14731462,singleton,1
606,cg14720763,singleton,1
607,cg14209784,singleton,1
608,cg07906193,singleton,1
609,cg13848598,singleton,1
610,cg13605327,singleton,1
611,cg12483947,singleton,1
612,cg12261786,singleton,1
613,cg12098963,singleton,1
614,cg11793631,singleton,1
615,cg11770664,singleton,1
616,cg03471571,singleton,1
617,cg05324516,singleton,1
618,cg04846036,singleton,1
619,cg04621893,singleton,1
620,cg04609350,singleton,1
621,cg04154276,singleton,1
622,cg03755123,singleton,1
623,cg03740167,singleton,1
624,cg03546235,singleton,1
625,cg05329352,singleton,1
626,cg27501458,singleton,1
627,cg03427299,singleton,1
628,cg03211864,singleton,1
629,cg03013070,singleton,1
630,cg02851873,singleton,1
631,cg02728050,singleton,1
632,cg02632200,singleton,1
633,cg06908778,singleton,1
634,cg07779444,singleton,1
635,cg07637213,singleton,1
636,cg07621046,singleton,1
637,cg07525420,singleton,1
638,cg07236840,singleton,1
639,cg07191657,singleton,1
640,cg07140468,singleton,1
641,cg07042289,singleton,1
642,cg15353031,singleton,1
643,cg06370069,singleton,1
644,cg06291867,singleton,1
645,cg06188744,singleton,1
646,cg06073351,singleton,1
647,cg06027843,singleton,1
648,cg05825420,singleton,1
649,cg05575054,singleton,1
650,cg23679471,singleton,1
651,cg25637829,singleton,1
652,cg25427880,singleton,1
653,cg25153759,singleton,1
654,cg24892069,singleton,1
655,cg24711336,singleton,1
656,cg24446932,singleton,1
657,cg24350475,singleton,1
658,cg23786625,singleton,1
659,cg25756406,singleton,1
660,cg23656300,singleton,1
661,cg23635429,singleton,1
662,cg23341182,singleton,1
663,cg23149300,singleton,1
664,cg22998476,singleton,1
665,cg22962982,singleton,1
666,cg22800233,singleton,1
667,cg26883033,singleton,1
668,cg00524486,singleton,1
669,cg00358611,singleton,1
670,cg00350448,singleton,1
671,cg00202702,singleton,1
672,cg27438128,singleton,1
673,cg27408540,singleton,1
674,cg27290215,singleton,1
675,cg27010834,singleton,1
676,cg22796593,singleton,1
677,cg26879203,singleton,1
678,cg26763486,singleton,1
679,cg26610808,singleton,1
680,cg26483332,singleton,1
681,cg26339504,singleton,1
682,cg26296364,singleton,1
683,cg25802093,singleton,1
684,cg16570507,singleton,1
685,cg18240400,singleton,1
686,cg18237330,singleton,1
687,cg17713910,singleton,1
688,cg17328514,singleton,1
689,cg17303833,singleton,1
690,cg17011709,singleton,1
691,cg16976662,singleton,1
692,cg16954727,singleton,1
693,cg18346182,singleton,1
694,cg16358099,singleton,1
695,cg16228323,singleton,1
696,cg16066219,singleton,1
697,cg15903032,singleton,1
698,cg15762032,singleton,1
699,cg15583492,singleton,1
700,cg15428620,singleton,1
701,cg19358493,singleton,1
702,cg22655696,singleton,1
703,cg20430077,singleton,1
704,cg20382695,singleton,1
705,cg20130213,singleton,1
706,cg20012537,singleton,1
707,cg19876672,singleton,1
708,cg19873536,singleton,1
709,cg19499581,singleton,1
710,cg02461363,singleton,1
711,cg19335412,singleton,1
712,cg19048251,singleton,1
713,cg19014941,singleton,1
714,cg18964775,singleton,1
715,cg18809289,singleton,1
716,cg18786171,singleton,1
717,cg18738190,singleton,1
718,cg05380821,singleton,1
719,cg06495131,singleton,1
720,cg06470822,singleton,1
721,cg06462220,singleton,1
722,cg06126421,singleton,1
723,cg05977992,singleton,1
724,cg05758246,singleton,1
725,cg05571970,singleton,1
726,cg05463027,singleton,1
727,cg06545143,singleton,1
728,cg05316627,singleton,1
729,cg05215925,singleton,1
730,cg05139788,singleton,1
731,cg04772644,singleton,1
732,cg04692403,singleton,1
733,cg04611812,singleton,1
734,cg04581938,singleton,1
735,cg04424621,singleton,1
736,cg08263708,singleton,1
737,cg09046055,singleton,1
738,cg08995556,singleton,1
739,cg08983097,singleton,1
740,cg08784091,singleton,1
741,cg08649201,singleton,1
742,cg08541518,singleton,1
743,cg08510658,singleton,1
744,cg08409562,singleton,1
745,cg04334016,singleton,1
746,cg08248751,singleton,1
747,cg07811644,singleton,1
748,cg07747616,singleton,1
749,cg07570142,singleton,1
750,cg06793562,singleton,1
751,cg06762457,singleton,1
752,cg06685111,singleton,1
753,cg06649410,singleton,1
754,cg01850269,singleton,1
755,cg03131171,singleton,1
756,cg03037030,singleton,1
757,cg03016906,singleton,1
758,cg02844545,singleton,1
759,cg02447229,singleton,1
760,cg02386403,singleton,1
761,cg02008912,singleton,1
762,cg01889237,singleton,1
763,cg03149958,singleton,1
764,cg01820962,singleton,1
765,cg01815538,singleton,1
766,cg01804382,singleton,1
767,cg01749249,singleton,1
768,cg01617695,singleton,1
769,cg01610857,singleton,1
770,cg01526854,singleton,1
771,cg01506917,singleton,1
772,cg03815358,singleton,1
773,cg04282694,singleton,1
774,cg04247603,singleton,1
775,cg04139449,singleton,1
776,cg04052934,singleton,1
777,cg04021562,singleton,1
778,cg04002618,singleton,1
779,cg03883502,singleton,1
780,cg03830329,singleton,1
781,cg09130091,singleton,1
782,cg03735592,singleton,1
783,cg03731828,singleton,1
784,cg03715143,singleton,1
785,cg03361164,singleton,1
786,cg03350900,singleton,1
787,cg03320827,singleton,1
788,cg03301848,singleton,1
789,cg03169508,singleton,1
790,cg17605021,singleton,1
791,cg18505959,singleton,1
792,cg18501647,singleton,1
793,cg18366209,singleton,1
794,cg18183242,singleton,1
795,cg17991695,singleton,1
796,cg17784808,singleton,1
797,cg17781313,singleton,1
798,cg17626960,singleton,1
799,cg18528367,singleton,1
800,cg17593342,singleton,1
801,cg17470942,singleton,1
802,cg17199007,singleton,1
803,cg16655791,singleton,1
804,cg16604233,singleton,1
805,cg16569273,singleton,1
806,cg16042259,singleton,1
807,cg15931839,singleton,1
808,cg19509330,singleton,1
809,cg20431250,singleton,1
810,cg20359994,singleton,1
811,cg20336981,singleton,1
812,cg20232986,singleton,1
813,cg20052760,singleton,1
814,cg19951298,singleton,1
815,cg19815376,singleton,1
816,cg19620724,singleton,1
817,cg15855970,singleton,1
818,cg19489494,singleton,1
819,cg19204131,singleton,1
820,cg18928900,singleton,1
821,cg18882457,singleton,1
822,cg18651026,singleton,1
823,cg18635670,singleton,1
824,cg18569734,singleton,1
825,cg18568843,singleton,1
826,cg09829319,singleton,1
827,cg12394289,singleton,1
828,cg12315353,singleton,1
829,cg12279419,singleton,1
830,cg11784631,singleton,1
831,cg11611097,singleton,1
832,cg11529128,singleton,1
833,cg11052202,singleton,1
834,cg10805721,singleton,1
835,cg12838303,singleton,1
836,cg09817427,singleton,1
837,cg09715059,singleton,1
838,cg09701702,singleton,1
839,cg09676013,singleton,1
840,cg09644065,singleton,1
841,cg09524396,singleton,1
842,cg09516476,singleton,1
843,cg09283154,singleton,1
844,cg14082127,singleton,1
845,cg15414930,singleton,1
846,cg15324651,singleton,1
847,cg15219685,singleton,1
848,cg14986464,singleton,1
849,cg14732248,singleton,1
850,cg14717557,singleton,1
851,cg14605874,singleton,1
852,cg14338916,singleton,1
853,cg01459063,singleton,1
854,cg14015015,singleton,1
855,cg13959344,singleton,1
856,cg13826452,singleton,1
857,cg13784235,singleton,1
858,cg13365524,singleton,1
859,cg13347970,singleton,1
860,cg13338798,singleton,1
861,cg13039251,singleton,1
862,cg14314729,singleton,1
863,cg14223293,singleton,1
864,cg14081218,singleton,1
865,cg13982098,singleton,1
866,cg13900817,singleton,1
867,cg13576330,singleton,1
868,cg13408430,singleton,1
869,cg13379794,singleton,1
870,cg14319409,singleton,1
871,cg12991050,singleton,1
872,cg12928668,singleton,1
873,cg12619504,singleton,1
874,cg12440258,singleton,1
875,cg12238343,singleton,1
876,cg12065579,singleton,1
877,cg11965976,singleton,1
878,cg11700800,singleton,1
879,cg15037004,singleton,1
880,cg16276108,singleton,1
881,cg16182986,singleton,1
882,cg15936446,singleton,1
883,cg15637484,singleton,1
884,cg15557878,singleton,1
885,cg15528437,singleton,1
886,cg15499368,singleton,1
887,cg15105206,singleton,1
888,cg11468819,singleton,1
889,cg14981137,singleton,1
890,cg14958635,singleton,1
891,cg14874742,singleton,1
892,cg14859460,singleton,1
893,cg14819891,singleton,1
894,cg14636534,singleton,1
895,cg14566959,singleton,1
896,cg14519115,singleton,1
897,cg08392199,singleton,1
898,cg09553242,singleton,1
899,cg09510752,singleton,1
900,cg09336320,singleton,1
901,cg09178678,singleton,1
902,cg09129100,singleton,1
903,cg09073398,singleton,1
904,cg08587542,singleton,1
905,cg08570034,singleton,1
906,cg09560082,singleton,1
907,cg08350776,singleton,1
908,cg08292467,singleton,1
909,cg08234504,singleton,1
910,cg07862358,singleton,1
911,cg07851675,singleton,1
912,cg07804076,singleton,1
913,cg07666840,singleton,1
914,cg07484354,singleton,1
915,cg10591652,singleton,1
916,cg11368643,singleton,1
917,cg11248413,singleton,1
918,cg11064966,singleton,1
919,cg10874644,singleton,1
920,cg10832108,singleton,1
921,cg10806236,singleton,1
922,cg10730712,singleton,1
923,cg10608615,singleton,1
924,cg16561756,singleton,1
925,cg10590857,singleton,1
926,cg10495047,singleton,1
927,cg10476085,singleton,1
928,cg10475970,singleton,1
929,cg10472919,singleton,1
930,cg10331779,singleton,1
931,cg10047595,singleton,1
932,cg09734380,singleton,1
933,cg26513304,singleton,1
934,cg00176709,singleton,1
935,cg27656362,singleton,1
936,cg27587195,singleton,1
937,cg27061971,singleton,1
938,cg26921969,singleton,1
939,cg26896762,singleton,1
940,cg26627769,singleton,1
941,cg26578682,singleton,1
942,cg00229387,singleton,1
943,cg26509691,singleton,1
944,cg26403171,singleton,1
945,cg26316599,singleton,1
946,cg26088662,singleton,1
947,cg25332357,singleton,1
948,cg25302419,singleton,1
949,cg25103492,singleton,1
950,cg24937280,singleton,1
951,cg00792966,singleton,1
952,cg01269620,singleton,1
953,cg01230796,singleton,1
954,cg01205011,singleton,1
955,cg01176947,singleton,1
956,cg01146808,singleton,1
957,cg01141812,singleton,1
958,cg01093363,singleton,1
959,cg01019028,singleton,1
960,cg24712501,singleton,1
961,cg00766914,singleton,1
962,cg00741333,singleton,1
963,cg00609135,singleton,1
964,cg00604202,singleton,1
965,cg00590036,singleton,1
966,cg00486113,singleton,1
967,cg00474328,singleton,1
968,cg00434010,singleton,1
969,cg18295183,singleton,1
970,cg21269843,singleton,1
971,cg21231400,singleton,1
972,cg21214293,singleton,1
973,cg20536364,singleton,1
974,cg19513071,singleton,1
975,cg19500607,singleton,1
976,cg18603028,singleton,1
977,cg18358723,singleton,1
978,cg21919857,singleton,1
979,cg18263365,singleton,1
980,cg18089852,singleton,1
981,cg18054674,singleton,1
982,cg18034299,singleton,1
983,cg18032969,singleton,1
984,cg17928883,singleton,1
985,cg17593472,singleton,1
986,cg16600634,singleton,1
987,cg23303408,singleton,1
988,cg24304919,singleton,1
989,cg24082677,singleton,1
990,cg24076884,singleton,1
991,cg23954268,singleton,1
992,cg23713079,singleton,1
993,cg23652182,singleton,1
994,cg23625660,singleton,1
995,cg23454038,singleton,1
996,cg20437276,singleton,1
997,cg23288973,singleton,1
998,cg22788465,singleton,1
999,cg22519422,singleton,1
1000,cg22464105,singleton,1
1001,cg22197830,singleton,1
1002,cg22108469,singleton,1
1003,cg21960680,singleton,1
1004,cg17632372,singleton,1
1005,cg19595505,singleton,1
1006,cg19389953,singleton,1
1007,cg19198568,singleton,1
1008,cg18505401,singleton,1
1009,cg18395623,singleton,1
1010,cg18325389,singleton,1
1011,cg18113734,singleton,1
1012,cg18064714,singleton,1
1013,cg19663246,singleton,1
1014,cg17372101,singleton,1
1015,cg17326451,singleton,1
1016,cg17199800,singleton,1
1017,cg17136255,singleton,1
1018,cg16924616,singleton,1
1019,cg16888547,singleton,1
1020,cg16810343,singleton,1
1021,cg16555537,singleton,1
1022,cg20942223,singleton,1
1023,cg21773142,singleton,1
1024,cg21700772,singleton,1
1025,cg21572621,singleton,1
1026,cg21406967,singleton,1
1027,cg21229153,singleton,1
1028,cg21186955,singleton,1
1029,cg21184711,singleton,1
1030,cg21051580,singleton,1
1031,cg16494530,singleton,1
1032,cg20842326,singleton,1
1033,cg20801476,singleton,1
1034,cg20692569,singleton,1
1035,cg20665157,singleton,1
1036,cg20347882,singleton,1
1037,cg20176648,singleton,1
1038,cg20170989,singleton,1
1039,cg19828791,singleton,1
1040,cg12534424,singleton,1
1041,cg13677571,singleton,1
1042,cg13665684,singleton,1
1043,cg13630131,singleton,1
1044,cg13486406,singleton,1
1045,cg13319711,singleton,1
1046,cg13210467,singleton,1
1047,cg13080716,singleton,1
1048,cg12627948,singleton,1
1049,cg13870866,singleton,1
1050,cg12526474,singleton,1
1051,cg12467749,singleton,1
1052,cg12353688,singleton,1
1053,cg11719362,singleton,1
1054,cg11573518,singleton,1
1055,cg11494773,singleton,1
1056,cg11279021,singleton,1
1057,cg10997627,singleton,1
1058,cg15285250,singleton,1
1059,cg16373229,singleton,1
1060,cg16110788,singleton,1
1061,cg16035633,singleton,1
1062,cg15893346,singleton,1
1063,cg15732768,singleton,1
1064,cg15730857,singleton,1
1065,cg15647515,singleton,1
1066,cg15572489,singleton,1
1067,cg22309923,singleton,1
1068,cg15199678,singleton,1
1069,cg14989226,singleton,1
1070,cg14428048,singleton,1
1071,cg14314029,singleton,1
1072,cg14304469,singleton,1
1073,cg14175438,singleton,1
1074,cg14141380,singleton,1
1075,cg13931228,singleton,1
1076,cg03485669,singleton,1
1077,cg04674956,singleton,1
1078,cg04559779,singleton,1
1079,cg04500377,singleton,1
1080,cg04436528,singleton,1
1081,cg03843972,singleton,1
1082,cg03759824,singleton,1
1083,cg03751030,singleton,1
1084,cg03613618,singleton,1
1085,cg04717143,singleton,1
1086,cg03348397,singleton,1
1087,cg03090969,singleton,1
1088,cg03080142,singleton,1
1089,cg03024720,singleton,1
1090,cg02761376,singleton,1
1091,cg02726121,singleton,1
1092,cg02707357,singleton,1
1093,cg02639634,singleton,1
1094,cg06066137,singleton,1
1095,cg07516483,singleton,1
1096,cg07358855,singleton,1
1097,cg07125243,singleton,1
1098,cg07104660,singleton,1
1099,cg06868946,singleton,1
1100,cg06704518,singleton,1
1101,cg06518628,singleton,1
1102,cg06455149,singleton,1
1103,cg02416510,singleton,1
1104,cg05996052,singleton,1
1105,cg05868512,singleton,1
1106,cg05742247,singleton,1
1107,cg05740045,singleton,1
1108,cg05511722,singleton,1
1109,cg05490029,singleton,1
1110,cg05419198,singleton,1
1111,cg04838988,singleton,1
1112,cg23920642,singleton,1
1113,cg26122963,singleton,1
1114,cg25793051,singleton,1
1115,cg25544461,singleton,1
1116,cg25377206,singleton,1
1117,cg25311470,singleton,1
1118,cg24853724,singleton,1
1119,cg24633312,singleton,1
1120,cg24440468,singleton,1
1121,cg26153045,singleton,1
1122,cg23677657,singleton,1
1123,cg23531488,singleton,1
1124,cg23514936,singleton,1
1125,cg23428445,singleton,1
1126,cg23141855,singleton,1
1127,cg22543892,singleton,1
1128,cg22374237,singleton,1
1129,cg22348673,singleton,1
1130,cg00582628,singleton,1
1131,cg02399048,singleton,1
1132,cg02303505,singleton,1
1133,cg02254885,singleton,1
1134,cg01482645,singleton,1
1135,cg01295203,singleton,1
1136,cg00614182,singleton,1
1137,cg00595237,singleton,1
1138,cg00585714,singleton,1
1139,cg10981065,singleton,1
1140,cg00394180,singleton,1
1141,cg00337440,singleton,1
1142,cg00303982,singleton,1
1143,cg27367526,singleton,1
1144,cg27275553,singleton,1
1145,cg26949393,singleton,1
1146,cg26669717,singleton,1
1147,cg26103587,singleton,1
1148,cg26755141,singleton,1
1149,cg26718511,singleton,1
1150,cg26543112,singleton,1
1151,cg26449787,singleton,1
1152,cg26325867,singleton,1
1153,cg26290219,singleton,1
1154,cg26248075,singleton,1
1155,cg26129669,singleton,1
1156,cg27042983,singleton,1
1157,cg25968437,singleton,1
1158,cg25861699,singleton,1
1159,cg25843346,singleton,1
1160,cg25459450,singleton,1
1161,cg25397973,singleton,1
1162,cg25140607,singleton,1
1163,cg24865270,singleton,1
1164,cg24717325,singleton,1
1165,cg00548268,singleton,1
1166,cg01309744,singleton,1
1167,cg01306563,singleton,1
1168,cg01050885,singleton,1
1169,cg00992850,singleton,1
1170,cg00903099,singleton,1
1171,cg00817377,singleton,1
1172,cg00733493,singleton,1
1173,cg00564163,singleton,1
1174,cg24698655,singleton,1
1175,cg00533407,singleton,1
1176,cg00503840,singleton,1
1177,cg00277397,singleton,1
1178,cg00029246,singleton,1
1179,cg27535757,singleton,1
1180,cg27289153,singleton,1
1181,cg27198696,singleton,1
1182,cg27057509,singleton,1
1183,cg20997792,singleton,1
1184,cg22133973,singleton,1
1185,cg22112841,singleton,1
1186,cg22008851,singleton,1
1187,cg21860429,singleton,1
1188,cg21727532,singleton,1
1189,cg21527370,singleton,1
1190,cg21317965,singleton,1
1191,cg21306006,singleton,1
1192,cg22159171,singleton,1
1193,cg20974826,singleton,1
1194,cg20916535,singleton,1
1195,cg20813374,singleton,1
1196,cg20724257,singleton,1
1197,cg20624391,singleton,1
1198,cg20553124,singleton,1
1199,cg20543183,singleton,1
1200,cg20498637,singleton,1
1201,cg23517605,singleton,1
1202,cg24644551,singleton,1
1203,cg24641186,singleton,1
1204,cg24587080,singleton,1
1205,cg24239961,singleton,1
1206,cg24159636,singleton,1
1207,cg23740491,singleton,1
1208,cg23688510,singleton,1
1209,cg23676151,singleton,1
1210,cg01401327,singleton,1
1211,cg23174607,singleton,1
1212,cg23100720,singleton,1
1213,cg23077029,singleton,1
1214,cg22736354,singleton,1
1215,cg22719623,singleton,1
1216,cg22581361,singleton,1
1217,cg22577701,singleton,1
1218,cg06388730,singleton,1
1219,cg07380959,singleton,1
1220,cg07309764,singleton,1
1221,cg07255674,singleton,1
1222,cg07115767,singleton,1
1223,cg06942110,singleton,1
1224,cg07336617,singleton,1
1225,cg06781608,singleton,1
1226,cg06555468,singleton,1
1227,cg07703358,singleton,1
1228,cg06277657,singleton,1
1229,cg06243400,singleton,1
1230,cg06239726,singleton,1
1231,cg06010020,singleton,1
1232,cg05724065,singleton,1
1233,cg05380019,singleton,1
1234,cg05158615,singleton,1
1235,cg05142373,singleton,1
1236,cg08738403,singleton,1
1237,cg10883303,singleton,1
1238,cg10778441,singleton,1
1239,cg10717290,singleton,1
1240,cg10691866,singleton,1
1241,cg10691109,singleton,1
1242,cg09748749,singleton,1
1243,cg09499629,singleton,1
1244,cg08904363,singleton,1
1245,cg05045981,singleton,1
1246,cg08713098,singleton,1
1247,cg08637618,singleton,1
1248,cg08550101,singleton,1
1249,cg08528826,singleton,1
1250,cg08352439,singleton,1
1251,cg08337633,singleton,1
1252,cg07981013,singleton,1
1253,cg07959771,singleton,1
1254,cg02412346,singleton,1
1255,cg02729030,singleton,1
1256,cg02624770,singleton,1
1257,cg02530350,singleton,1
1258,cg02530022,singleton,1
1259,cg02524946,singleton,1
1260,cg02506717,singleton,1
1261,cg02456087,singleton,1
1262,cg02440744,singleton,1
1263,cg02979224,singleton,1
1264,cg02383785,singleton,1
1265,cg02285887,singleton,1
1266,cg02203656,singleton,1
1267,cg01963002,singleton,1
1268,cg01914621,singleton,1
1269,cg01807131,singleton,1
1270,cg01493685,singleton,1
1271,cg01429360,singleton,1
1272,cg04088697,singleton,1
1273,cg05009601,singleton,1
1274,cg04955333,singleton,1
1275,cg04819580,singleton,1
1276,cg04528819,singleton,1
1277,cg04427498,singleton,1
1278,cg04292993,singleton,1
1279,cg04218035,singleton,1
1280,cg04098052,singleton,1
1281,cg07583137,singleton,1
1282,cg04084157,singleton,1
1283,cg03775422,singleton,1
1284,cg03584351,singleton,1
1285,cg03473532,singleton,1
1286,cg03333330,singleton,1
1287,cg03289906,singleton,1
1288,cg03179542,singleton,1
1289,cg21325715,singleton,1
1290,cg22156456,singleton,1
1291,cg21922223,singleton,1
1292,cg21706229,singleton,1
1293,cg21692159,singleton,1
1294,cg21584710,singleton,1
1295,cg21515349,singleton,1
1296,cg21452942,singleton,1
1297,cg21437548,singleton,1
1298,cg22361181,singleton,1
1299,cg21280392,singleton,1
1300,cg21095561,singleton,1
1301,cg20752878,singleton,1
1302,cg20637609,singleton,1
1303,cg20629183,singleton,1
1304,cg20556951,singleton,1
1305,cg20303331,singleton,1
1306,cg20189674,singleton,1
1307,cg24212517,singleton,1
1308,cg26211349,singleton,1
1309,cg26094554,singleton,1
1310,cg25918821,singleton,1
1311,cg25537245,singleton,1
1312,cg24847230,singleton,1
1313,cg24711367,singleton,1
1314,cg24434387,singleton,1
1315,cg24394631,singleton,1
1316,cg20067719,singleton,1
1317,cg24082871,singleton,1
1318,cg23960707,singleton,1
1319,cg23950157,singleton,1
1320,cg23663547,singleton,1
1321,cg23490727,singleton,1
1322,cg23488804,singleton,1
1323,cg23103688,singleton,1
1324,cg16477091,singleton,1
1325,cg17832704,singleton,1
1326,cg17523868,singleton,1
1327,cg17471928,singleton,1
1328,cg17255712,singleton,1
1329,cg17228560,singleton,1
1330,cg17024199,singleton,1
1331,cg16700282,singleton,1
1332,cg16652063,singleton,1
1333,cg18255166,singleton,1
1334,cg16347279,singleton,1
1335,cg16135698,singleton,1
1336,cg15704699,singleton,1
1337,cg15557036,singleton,1
1338,cg15182790,singleton,1
1339,cg15001747,singleton,1
1340,cg15000379,singleton,1
1341,cg14901671,singleton,1
1342,cg19179801,singleton,1
1343,cg19804488,singleton,1
1344,cg19761273,singleton,1
1345,cg19758448,singleton,1
1346,cg19697725,singleton,1
1347,cg19587434,singleton,1
1348,cg19539667,singleton,1
1349,cg19413066,singleton,1
1350,cg19408882,singleton,1
1351,cg26628907,singleton,1
1352,cg19031565,singleton,1
1353,cg18760496,singleton,1
1354,cg18647570,singleton,1
1355,cg18618815,singleton,1
1356,cg18490846,singleton,1
1357,cg18363008,singleton,1
1358,cg18268547,singleton,1
1359,cg21375294,singleton,1
1360,cg25112291,singleton,1
1361,cg24217948,singleton,1
1362,cg23718736,singleton,1
1363,cg23505303,singleton,1
1364,cg23484392,singleton,1
1365,cg22105145,singleton,1
1366,cg21469505,singleton,1
1367,cg21381065,singleton,1
1368,cg25453381,singleton,1
1369,cg20026939,singleton,1
1370,cg19560701,singleton,1
1371,cg19558029,singleton,1
1372,cg18989081,singleton,1
1373,cg18139195,singleton,1
1374,cg17299899,singleton,1
1375,cg17243289,singleton,1
1376,cg17143518,singleton,1
1377,cg02100819,singleton,1
1378,cg02997982,singleton,1
1379,cg02428119,singleton,1
1380,cg02406092,singleton,1
1381,cg02385167,singleton,1
1382,cg02343318,singleton,1
1383,cg02301740,singleton,1
1384,cg02250846,singleton,1
1385,cg02189888,singleton,1
1386,cg16762684,singleton,1
1387,cg01330060,singleton,1
1388,cg01055871,singleton,1
1389,cg00863306,singleton,1
1390,cg00298065,singleton,1
1391,cg00008033,singleton,1
1392,cg26914205,singleton,1
1393,cg26355573,singleton,1
1394,cg02250594,singleton,1
1395,cg06544405,singleton,1
1396,cg05568490,singleton,1
1397,cg05328197,singleton,1
1398,cg05176991,singleton,1
1399,cg04908789,singleton,1
1400,cg04017533,singleton,1
1401,cg03599357,singleton,1
1402,cg02360939,singleton,1
1403,cg06641153,singleton,1
1404,cg01059449,singleton,1
1405,cg00525823,singleton,1
1406,cg00399483,singleton,1
1407,cg27401724,singleton,1
1408,cg26918577,singleton,1
1409,cg26748477,singleton,1
1410,cg26631505,singleton,1
1411,cg11154070,singleton,1
1412,cg16547027,singleton,1
1413,cg16501308,singleton,1
1414,cg16423682,singleton,1
1415,cg16193295,singleton,1
1416,cg15536830,singleton,1
1417,cg15393702,singleton,1
1418,cg15215560,singleton,1
1419,cg13690424,singleton,1
1420,cg14719333,singleton,1
1421,cg11082907,singleton,1
1422,cg10717463,singleton,1
1423,cg09275869,singleton,1
1424,cg08076830,singleton,1
1425,cg07858908,singleton,1
1426,cg07653946,singleton,1
1427,cg07300558,singleton,1
1428,cg00062245,singleton,1
1429,cg00934987,singleton,1
1430,cg00873351,singleton,1
1431,cg00524443,singleton,1
1432,cg00462994,singleton,1
1433,cg00158333,singleton,1
1434,cg00101260,singleton,1
1435,cg00081324,singleton,1
1436,cg00072720,singleton,1
1437,cg00960395,singleton,1
1438,cg27409771,singleton,1
1439,cg27282264,singleton,1
1440,cg27269561,singleton,1
1441,cg27151362,singleton,1
1442,cg27122536,singleton,1
1443,cg27093871,singleton,1
1444,cg27038676,singleton,1
1445,cg27017172,singleton,1
1446,cg01676322,singleton,1
1447,cg03363743,singleton,1
1448,cg03114057,singleton,1
1449,cg02867102,singleton,1
1450,cg02721902,singleton,1
1451,cg02550119,singleton,1
1452,cg02503376,singleton,1
1453,cg02489908,singleton,1
1454,cg02129603,singleton,1
1455,cg27015931,singleton,1
1456,cg01622018,singleton,1
1457,cg01620309,singleton,1
1458,cg01538166,singleton,1
1459,cg01502244,singleton,1
1460,cg01497613,singleton,1
1461,cg01461824,singleton,1
1462,cg01222316,singleton,1
1463,cg09882901,singleton,1
1464,cg12688670,singleton,1
1465,cg11919694,singleton,1
1466,cg11667754,singleton,1
1467,cg11419186,singleton,1
1468,cg11220950,singleton,1
1469,cg11181171,singleton,1
1470,cg10424974,singleton,1
1471,cg10297473,singleton,1
1472,cg13494498,singleton,1
1473,cg09825093,singleton,1
1474,cg09816471,singleton,1
1475,cg09794131,singleton,1
1476,cg09780767,singleton,1
1477,cg09567725,singleton,1
1478,cg09308553,singleton,1
1479,cg09234672,singleton,1
1480,cg20751926,singleton,1
1481,cg26808293,singleton,1
1482,cg26787199,singleton,1
1483,cg26770907,singleton,1
1484,cg26648818,singleton,1
1485,cg26489497,singleton,1
1486,cg26470798,singleton,1
1487,cg22947000,singleton,1
1488,cg21530890,singleton,1
1489,cg03385864,singleton,1
1490,cg18867659,singleton,1
1491,cg16622061,singleton,1
1492,cg16075504,singleton,1
1493,cg16031065,singleton,1
1494,cg14676592,singleton,1
1495,cg14585371,singleton,1
1496,cg14244577,singleton,1
1497,cg11024682,singleton,1
1498,cg12116288,singleton,1
1499,cg11993754,singleton,1
1500,cg11992940,singleton,1
1501,cg11909912,singleton,1
1502,cg11769332,singleton,1
1503,cg11622162,singleton,1
1504,cg11447922,singleton,1
1505,cg11331344,singleton,1
1506,cg12197142,singleton,1
1507,cg10606834,singleton,1
1508,cg10277912,singleton,1
1509,cg09808774,singleton,1
1510,cg09164913,singleton,1
1511,cg08810238,singleton,1
1512,cg08301612,singleton,1
1513,cg08223837,singleton,1
1514,cg08090640,singleton,1
1515,cg13390332,singleton,1
1516,cg14609289,singleton,1
1517,cg14431361,singleton,1
1518,cg14265068,singleton,1
1519,cg14202850,singleton,1
1520,cg13944018,singleton,1
1521,cg13918518,singleton,1
1522,cg13683374,singleton,1
1523,cg13675837,singleton,1
1524,cg07963349,singleton,1
1525,cg13029847,singleton,1
1526,cg12798194,singleton,1
1527,cg12779301,singleton,1
1528,cg12739664,singleton,1
1529,cg12533496,singleton,1
1530,cg12467933,singleton,1
1531,cg12350474,singleton,1
1532,cg04055490,singleton,1
1533,cg04439252,singleton,1
1534,cg04305399,singleton,1
1535,cg04304770,singleton,1
1536,cg04303382,singleton,1
1537,cg04209460,singleton,1
1538,cg04193015,singleton,1
1539,cg04169021,singleton,1
1540,cg04157263,singleton,1
1541,cg04544699,singleton,1
1542,cg03902729,singleton,1
1543,cg03752138,singleton,1
1544,cg03671597,singleton,1
1545,cg03643998,singleton,1
1546,cg03572011,singleton,1
1547,cg03508063,singleton,1
1548,cg03431918,singleton,1
1549,cg06419432,singleton,1
1550,cg07169873,singleton,1
1551,cg06971092,singleton,1
1552,cg06874016,singleton,1
1553,cg06769994,singleton,1
1554,cg06700275,singleton,1
1555,cg06681768,singleton,1
1556,cg06638433,singleton,1
1557,cg06474661,singleton,1
1558,cg03172991,singleton,1
1559,cg06163904,singleton,1
1560,cg05668853,singleton,1
1561,cg05379350,singleton,1
1562,cg05210615,singleton,1
1563,cg04971534,singleton,1
1564,cg04890576,singleton,1
1565,cg04766061,singleton,1
1566,cg17729667,singleton,1
1567,cg19753867,singleton,1
1568,cg19702785,singleton,1
1569,cg19284211,singleton,1
1570,cg18808904,singleton,1
1571,cg18725681,singleton,1
1572,cg18396157,singleton,1
1573,cg17832991,singleton,1
1574,cg17737621,singleton,1
1575,cg20277905,singleton,1
1576,cg17409313,singleton,1
1577,cg16390060,singleton,1
1578,cg16321524,singleton,1
1579,cg16205854,singleton,1
1580,cg15743533,singleton,1
1581,cg15001687,singleton,1
1582,cg13279927,singleton,1
1583,cg12338552,singleton,1
1584,cg24236591,singleton,1
1585,cg00871610,singleton,1
1586,cg00686880,singleton,1
1587,cg26332061,singleton,1
1588,cg26186239,singleton,1
1589,cg26137868,singleton,1
1590,cg26126740,singleton,1
1591,cg24504569,singleton,1
1592,cg24403644,singleton,1
1593,cg11866756,singleton,1
1594,cg24168221,singleton,1
1595,cg23695133,singleton,1
1596,cg23581541,singleton,1
1597,cg23534245,singleton,1
1598,cg22709307,singleton,1
1599,cg22468075,singleton,1
1600,cg21343919,singleton,1
1601,cg04348305,singleton,1
1602,cg06739520,singleton,1
1603,cg06680481,singleton,1
1604,cg06369624,singleton,1
1605,cg06228507,singleton,1
1606,cg06132069,singleton,1
1607,cg05936441,singleton,1
1608,cg05205351,singleton,1
1609,cg04555665,singleton,1
1610,cg07215199,singleton,1
1611,cg03758021,singleton,1
1612,cg03511041,singleton,1
1613,cg03495011,singleton,1
1614,cg03224418,singleton,1
1615,cg03206537,singleton,1
1616,cg03055693,singleton,1
1617,cg02979923,singleton,1
1618,cg02898293,singleton,1
1619,cg08582485,singleton,1
1620,cg11769163,singleton,1
1621,cg11703632,singleton,1
1622,cg11436113,singleton,1
1623,cg11367633,singleton,1
1624,cg10625705,singleton,1
1625,cg10481065,singleton,1
1626,cg09088834,singleton,1
1627,cg08878177,singleton,1
1628,cg01007374,singleton,1
1629,cg08463758,singleton,1
1630,cg07991288,singleton,1
1631,cg07676002,singleton,1
1632,cg07609788,singleton,1
1633,cg07400877,singleton,1
1634,cg07258627,singleton,1
1635,cg07247419,singleton,1
1636,cg05114959,singleton,1
1637,cg12451153,singleton,1
1638,cg12373771,singleton,1
1639,cg12078929,singleton,1
1640,cg08415592,singleton,1
1641,cg07127410,singleton,1
1642,cg06623197,singleton,1
1643,cg06561329,singleton,1
1644,cg05442902,singleton,1
1645,cg13020518,singleton,1
1646,cg04976697,singleton,1
1647,cg04800681,singleton,1
1648,cg03972838,singleton,1
1649,cg02792538,singleton,1
1650,cg02713951,singleton,1
1651,cg02583938,singleton,1
1652,cg02412616,singleton,1
1653,cg01949403,singleton,1
1654,cg20773033,singleton,1
1655,cg00001583,singleton,1
1656,cg27166177,singleton,1
1657,cg26373518,singleton,1
1658,cg23850277,singleton,1
1659,cg23124451,singleton,1
1660,cg22982767,singleton,1
1661,cg21840875,singleton,1
1662,cg21064451,singleton,1
1663,cg01912455,singleton,1
1664,cg20256245,singleton,1
1665,cg19816290,singleton,1
1666,cg15383276,singleton,1
1667,cg15379633,singleton,1
1668,cg14398464,singleton,1
1669,cg14127659,singleton,1
1670,cg14095048,singleton,1
1671,cg06171420,singleton,1
1672,cg13524919,singleton,1
1673,cg12409525,singleton,1
1674,cg10850930,singleton,1
1675,cg10803722,singleton,1
1676,cg10722799,singleton,1
1677,cg10636297,singleton,1
1678,cg10572943,singleton,1
1679,cg08247806,singleton,1
1680,cg14374829,singleton,1
1681,cg05762769,singleton,1
1682,cg05156137,singleton,1
1683,cg04965987,singleton,1
1684,cg04753583,singleton,1
1685,cg03876085,singleton,1
1686,cg03431738,singleton,1
1687,cg01605783,singleton,1
1688,cg00040575,singleton,1
1689,cg01806921,singleton,1
1690,cg01514353,singleton,1
1691,cg01234420,singleton,1
1692,cg01127300,singleton,1
1693,cg00947744,singleton,1
1694,cg00725138,singleton,1
1695,cg00419702,singleton,1
1696,cg00058879,singleton,1
1697,cg02151301,singleton,1
1698,cg23089840,singleton,1
1699,cg21152177,singleton,1
1700,cg20269359,singleton,1
1701,cg18371700,singleton,1
1702,cg16345647,singleton,1
1703,cg14947929,singleton,1
1704,cg14394939,singleton,1
1705,cg10743390,singleton,1
1706,cg12068124,singleton,1
1707,cg12018403,singleton,1
1708,cg11998703,singleton,1
1709,cg11846956,singleton,1
1710,cg11749828,singleton,1
1711,cg11558731,singleton,1
1712,cg11521325,singleton,1
1713,cg10962535,singleton,1
1714,cg12078229,singleton,1
1715,cg10695490,singleton,1
1716,cg10601582,singleton,1
1717,cg10498798,singleton,1
1718,cg10490206,singleton,1
1719,cg10313673,singleton,1
1720,cg10286380,singleton,1
1721,cg10190416,singleton,1
1722,cg10052840,singleton,1
1723,cg13434396,singleton,1
1724,cg14770827,singleton,1
1725,cg14719352,singleton,1
1726,cg14284824,singleton,1
1727,cg14254534,singleton,1
1728,cg14074174,singleton,1
1729,cg13672300,singleton,1
1730,cg13640414,singleton,1
1731,cg13455326,singleton,1
1732,cg09461728,singleton,1
1733,cg13393785,singleton,1
1734,cg12946225,singleton,1
1735,cg12776966,singleton,1
1736,cg12706938,singleton,1
1737,cg12580096,singleton,1
1738,cg12163871,singleton,1
1739,cg12110750,singleton,1
1740,cg04532834,singleton,1
1741,cg05923226,singleton,1
1742,cg05619598,singleton,1
1743,cg05488632,singleton,1
1744,cg05346491,singleton,1
1745,cg05260085,singleton,1
1746,cg04711162,singleton,1
1747,cg04689379,singleton,1
1748,cg04600297,singleton,1
1749,cg06399302,singleton,1
1750,cg04469880,singleton,1
1751,cg04410715,singleton,1
1752,cg04168853,singleton,1
1753,cg04084088,singleton,1
1754,cg04062391,singleton,1
1755,cg04059773,singleton,1
1756,cg03975694,singleton,1
1757,cg08302480,singleton,1
1758,cg09381003,singleton,1
1759,cg09054960,singleton,1
1760,cg08928145,singleton,1
1761,cg08849574,singleton,1
1762,cg08845333,singleton,1
1763,cg08694544,singleton,1
1764,cg08602008,singleton,1
1765,cg08393317,singleton,1
1766,cg14934280,singleton,1
1767,cg08278741,singleton,1
1768,cg07843120,singleton,1
1769,cg07606495,singleton,1
1770,cg07068062,singleton,1
1771,cg06745001,singleton,1
1772,cg06599169,singleton,1
1773,cg06419793,singleton,1
1774,cg24739326,singleton,1
1775,cg26968812,singleton,1
1776,cg26842596,singleton,1
1777,cg26842024,singleton,1
1778,cg26005082,singleton,1
1779,cg25782440,singleton,1
1780,cg25264101,singleton,1
1781,cg24883498,singleton,1
1782,cg24848615,singleton,1
1783,cg26969888,singleton,1
1784,cg24724596,singleton,1
1785,cg24724506,singleton,1
1786,cg23994468,singleton,1
1787,cg23677833,singleton,1
1788,cg23397578,singleton,1
1789,cg22928954,singleton,1
1790,cg22824998,singleton,1
1791,cg22517995,singleton,1
1792,cg00858599,singleton,1
1793,cg02124499,singleton,1
1794,cg02004723,singleton,1
1795,cg01650904,singleton,1
1796,cg01618988,singleton,1
1797,cg01346423,singleton,1
1798,cg01293143,singleton,1
1799,cg01256165,singleton,1
1800,cg00862894,singleton,1
1801,cg22202689,singleton,1
1802,cg00636737,singleton,1
1803,cg00431114,singleton,1
1804,cg00387658,singleton,1
1805,cg00172672,singleton,1
1806,cg00103778,singleton,1
1807,cg27615578,singleton,1
1808,cg27333886,singleton,1
1809,cg16664617,singleton,1
1810,cg18693673,singleton,1
1811,cg18642503,singleton,1
1812,cg18435449,singleton,1
1813,cg17476026,singleton,1
1814,cg17471102,singleton,1
1815,cg17408527,singleton,1
1816,cg16911349,singleton,1
1817,cg16668176,singleton,1
1818,cg19298856,singleton,1
1819,cg16363586,singleton,1
1820,cg15801340,singleton,1
1821,cg15614917,singleton,1
1822,cg15495372,singleton,1
1823,cg15222651,singleton,1
1824,cg15091407,singleton,1
1825,cg14950321,singleton,1
1826,cg20964856,singleton,1
1827,cg22200289,singleton,1
1828,cg22060113,singleton,1
1829,cg21887940,singleton,1
1830,cg21748418,singleton,1
1831,cg21725716,singleton,1
1832,cg21657577,singleton,1
1833,cg21632975,singleton,1
1834,cg21328810,singleton,1
1835,cg09070371,singleton,1
1836,cg20797216,singleton,1
1837,cg20559657,singleton,1
1838,cg20119148,singleton,1
1839,cg20103701,singleton,1
1840,cg19809667,singleton,1
1841,cg19521693,singleton,1
1842,cg19375123,singleton,1
1843,cg27151122,singleton,1
1844,cg01236132,singleton,1
1845,cg00889398,singleton,1
1846,cg00743094,singleton,1
1847,cg00629427,singleton,1
1848,cg00574740,singleton,1
1849,cg00184376,singleton,1
1850,cg00055679,singleton,1
1851,cg27425327,singleton,1
1852,cg01297756,singleton,1
1853,cg27035734,singleton,1
1854,cg26985711,singleton,1
1855,cg26727693,singleton,1
1856,cg26725076,singleton,1
1857,cg26682900,singleton,1
1858,cg26300652,singleton,1
1859,cg26276120,singleton,1
1860,cg26153410,singleton,1
1861,cg03839709,singleton,1
1862,cg06195193,singleton,1
1863,cg06084210,singleton,1
1864,cg05905988,singleton,1
1865,cg05446322,singleton,1
1866,cg04865691,singleton,1
1867,cg04836038,singleton,1
1868,cg04493558,singleton,1
1869,cg04308040,singleton,1
1870,cg26074603,singleton,1
1871,cg03623878,singleton,1
1872,cg03388293,singleton,1
1873,cg02620013,singleton,1
1874,cg02558362,singleton,1
1875,cg02229135,singleton,1
1876,cg02057782,singleton,1
1877,cg01528028,singleton,1
1878,cg20375220,singleton,1
1879,cg22347212,singleton,1
1880,cg22344727,singleton,1
1881,cg21907579,singleton,1
1882,cg21834204,singleton,1
1883,cg21701379,singleton,1
1884,cg20717123,singleton,1
1885,cg20537640,singleton,1
1886,cg20495738,singleton,1
1887,cg22358580,singleton,1
1888,cg20252022,singleton,1
1889,cg20153322,singleton,1
1890,cg20107346,singleton,1
1891,cg19969606,singleton,1
1892,cg19722847,singleton,1
1893,cg19402885,singleton,1
1894,cg19395441,singleton,1
1895,cg19056004,singleton,1
1896,cg23436584,singleton,1
1897,cg25741452,singleton,1
1898,cg25176746,singleton,1
1899,cg25031476,singleton,1
1900,cg24856726,singleton,1
1901,cg24611446,singleton,1
1902,cg24535475,singleton,1
1903,cg24116870,singleton,1
1904,cg23739862,singleton,1
1905,cg06807397,singleton,1
1906,cg23368715,singleton,1
1907,cg23031493,singleton,1
1908,cg22864266,singleton,1
1909,cg22830707,singleton,1
1910,cg22682373,singleton,1
1911,cg22586653,singleton,1
1912,cg22489153,singleton,1
1913,cg27068143,singleton,1
1914,cg01566235,singleton,1
1915,cg01442601,singleton,1
1916,cg01160394,singleton,1
1917,cg01129459,singleton,1
1918,cg01104208,singleton,1
1919,cg01035771,singleton,1
1920,cg01022345,singleton,1
1921,cg00328051,singleton,1
1922,cg01611862,singleton,1
1923,cg24714905,singleton,1
1924,cg24690071,singleton,1
1925,cg24674215,singleton,1
1926,cg24601716,singleton,1
1927,cg24287239,singleton,1
1928,cg24051481,singleton,1
1929,cg23681440,singleton,1
1930,cg23588462,singleton,1
1931,cg02868468,singleton,1
1932,cg04194821,singleton,1
1933,cg03796729,singleton,1
1934,cg03703356,singleton,1
1935,cg03502791,singleton,1
1936,cg03047995,singleton,1
1937,cg03032497,singleton,1
1938,cg03008815,singleton,1
1939,cg02893604,singleton,1
1940,cg23361092,singleton,1
1941,cg02797271,singleton,1
1942,cg02395812,singleton,1
1943,cg02084669,singleton,1
1944,cg01983373,singleton,1
1945,cg01894846,singleton,1
1946,cg01794426,singleton,1
1947,cg01719405,singleton,1
1948,cg09513380,singleton,1
1949,cg14289542,singleton,1
1950,cg12603632,singleton,1
1951,cg11762968,singleton,1
1952,cg11283429,singleton,1
1953,cg11077516,singleton,1
1954,cg10738239,singleton,1
1955,cg10653131,singleton,1
1956,cg09668400,singleton,1
1957,cg15188010,singleton,1
1958,cg08612100,singleton,1
1959,cg08534628,singleton,1
1960,cg07935568,singleton,1
1961,cg07920503,singleton,1
1962,cg07860673,singleton,1
1963,cg07502829,singleton,1
1964,cg06883496,singleton,1
1965,cg18539122,singleton,1
1966,cg23142799,singleton,1
1967,cg23126342,singleton,1
1968,cg22277154,singleton,1
1969,cg21781979,singleton,1
1970,cg21186708,singleton,1
1971,cg20689135,singleton,1
1972,cg19050940,singleton,1
1973,cg18815647,singleton,1
1974,cg19016652,singleton,1
1975,cg18431640,singleton,1
1976,cg18236477,singleton,1
1977,cg17882660,singleton,1
1978,cg17369527,singleton,1
1979,cg17319774,singleton,1
1980,cg16708465,singleton,1
1981,cg16193278,singleton,1
1982,cg01787574,singleton,1
1983,cg03020208,singleton,1
1984,cg02795076,singleton,1
1985,cg02772266,singleton,1
1986,cg02420617,singleton,1
1987,cg02301528,singleton,1
1988,cg02153528,singleton,1
1989,cg01904393,singleton,1
1990,cg01820374,singleton,1
1991,cg03468072,singleton,1
1992,cg01687189,singleton,1
1993,cg01396176,singleton,1
1994,cg01295392,singleton,1
1995,cg00901320,singleton,1
1996,cg00854817,singleton,1
1997,cg00792107,singleton,1
1998,cg00753885,singleton,1
1999,cg27597956,singleton,1
2000,cg04604946,singleton,1
2001,cg05677041,singleton,1
2002,cg05242244,singleton,1
2003,cg05224385,singleton,1
2004,cg04980928,singleton,1
2005,cg04851712,singleton,1
2006,cg04794420,singleton,1
2007,cg04745384,singleton,1
2008,cg04671742,singleton,1
2009,cg27491887,singleton,1
2010,cg04588380,singleton,1
2011,cg04409030,singleton,1
2012,cg04162059,singleton,1
2013,cg04123409,singleton,1
2014,cg03810428,singleton,1
2015,cg03691549,singleton,1
2016,cg03510486,singleton,1
2017,cg22458194,singleton,1
2018,cg23984434,singleton,1
2019,cg23972551,singleton,1
2020,cg23386330,singleton,1
2021,cg23323203,singleton,1
2022,cg23299618,singleton,1
2023,cg23003085,singleton,1
2024,cg22910449,singleton,1
2025,cg22740492,singleton,1
2026,cg24057710,singleton,1
2027,cg22183706,singleton,1
2028,cg22174486,singleton,1
2029,cg22097425,singleton,1
2030,cg21992250,singleton,1
2031,cg21683009,singleton,1
2032,cg21051972,singleton,1
2033,cg20892990,singleton,1
2034,cg25608626,singleton,1
2035,cg27235148,singleton,1
2036,cg27209729,singleton,1
2037,cg27130665,singleton,1
2038,cg26949694,singleton,1
2039,cg26166595,singleton,1
2040,cg25994988,singleton,1
2041,cg25962210,singleton,1
2042,cg25625514,singleton,1
2043,cg05899984,singleton,1
2044,cg25424279,singleton,1
2045,cg25195288,singleton,1
2046,cg24987259,singleton,1
2047,cg24986840,singleton,1
2048,cg24719321,singleton,1
2049,cg24322623,singleton,1
2050,cg24099956,singleton,1
2051,cg13817265,singleton,1
2052,cg16235197,singleton,1
2053,cg15989810,singleton,1
2054,cg15240733,singleton,1
2055,cg15125438,singleton,1
2056,cg14195318,singleton,1
2057,cg14189750,singleton,1
2058,cg14120215,singleton,1
2059,cg13929658,singleton,1
2060,cg16562275,singleton,1
2061,cg13446772,singleton,1
2062,cg13234863,singleton,1
2063,cg13234415,singleton,1
2064,cg13203811,singleton,1
2065,cg13120986,singleton,1
2066,cg12951726,singleton,1
2067,cg12949547,singleton,1
2068,cg12103569,singleton,1
2069,cg17436656,singleton,1
2070,cg18628483,singleton,1
2071,cg18573383,singleton,1
2072,cg18473521,singleton,1
2073,cg18217632,singleton,1
2074,cg18215449,singleton,1
2075,cg18070593,singleton,1
2076,cg18037834,singleton,1
2077,cg17524886,singleton,1
2078,cg11826475,singleton,1
2079,cg17183905,singleton,1
2080,cg17139392,singleton,1
2081,cg17101285,singleton,1
2082,cg17094065,singleton,1
2083,cg17029354,singleton,1
2084,cg16881676,singleton,1
2085,cg16601359,singleton,1
2086,cg07123069,singleton,1
2087,cg08622677,singleton,1
2088,cg08286181,singleton,1
2089,cg08285141,singleton,1
2090,cg07650504,singleton,1
2091,cg07645980,singleton,1
2092,cg07388347,singleton,1
2093,cg07266404,singleton,1
2094,cg07217499,singleton,1
2095,cg08888956,singleton,1
2096,cg06899799,singleton,1
2097,cg06850660,singleton,1
2098,cg06826457,singleton,1
2099,cg06647068,singleton,1
2100,cg06552356,singleton,1
2101,cg06492796,singleton,1
2102,cg06085994,singleton,1
2103,cg10366797,singleton,1
2104,cg11791577,singleton,1
2105,cg11717507,singleton,1
2106,cg11649376,singleton,1
2107,cg11549972,singleton,1
2108,cg11009362,singleton,1
2109,cg10810799,singleton,1
2110,cg10778288,singleton,1
2111,cg10646402,singleton,1
2112,cg04326198,singleton,1
2113,cg10253371,singleton,1
2114,cg10234991,singleton,1
2115,cg10141715,singleton,1
2116,cg09595479,singleton,1
2117,cg09417809,singleton,1
2118,cg09278098,singleton,1
2119,cg08900043,singleton,1
2120,cg21322248,singleton,1
2121,cg24405716,singleton,1
2122,cg24263283,singleton,1
2123,cg23538901,singleton,1
2124,cg22930275,singleton,1
2125,cg22694275,singleton,1
2126,cg22586221,singleton,1
2127,cg22108374,singleton,1
2128,cg22107533,singleton,1
2129,cg24493446,singleton,1
2130,cg21296230,singleton,1
2131,cg21147648,singleton,1
2132,cg20951555,singleton,1
2133,cg20941110,singleton,1
2134,cg20902817,singleton,1
2135,cg20726664,singleton,1
2136,cg20557801,singleton,1
2137,cg20544651,singleton,1
2138,cg26342078,singleton,1
2139,cg00465277,singleton,1
2140,cg00451635,singleton,1
2141,cg00451194,singleton,1
2142,cg00448560,singleton,1
2143,cg00220294,singleton,1
2144,cg00083833,singleton,1
2145,cg27219955,singleton,1
2146,cg26544870,singleton,1
2147,cg20510724,singleton,1
2148,cg26290926,singleton,1
2149,cg26053864,singleton,1
2150,cg25716623,singleton,1
2151,cg25665697,singleton,1
2152,cg25590826,singleton,1
2153,cg25584930,singleton,1
2154,cg24497836,singleton,1
2155,cg13563725,singleton,1
2156,cg16208657,singleton,1
2157,cg16107285,singleton,1
2158,cg14494620,singleton,1
2159,cg14428590,singleton,1
2160,cg14385245,singleton,1
2161,cg14093936,singleton,1
2162,cg14021153,singleton,1
2163,cg13586457,singleton,1
2164,cg16409367,singleton,1
2165,cg13055199,singleton,1
2166,cg12902039,singleton,1
2167,cg12856183,singleton,1
2168,cg12530503,singleton,1
2169,cg12014646,singleton,1
2170,cg12009872,singleton,1
2171,cg11480800,singleton,1
2172,cg17661642,singleton,1
2173,cg20359888,singleton,1
2174,cg19988449,singleton,1
2175,cg19823138,singleton,1
2176,cg19670290,singleton,1
2177,cg19433091,singleton,1
2178,cg18306747,singleton,1
2179,cg17841803,singleton,1
2180,cg17721618,singleton,1
2181,cg00551679,singleton,1
2182,cg17497271,singleton,1
2183,cg17232357,singleton,1
2184,cg17180678,singleton,1
2185,cg17074353,singleton,1
2186,cg17051321,singleton,1
2187,cg16765088,singleton,1
2188,cg16717122,singleton,1
2189,cg05469614,singleton,1
2190,cg06174989,singleton,1
2191,cg06170683,singleton,1
2192,cg06081518,singleton,1
2193,cg05915866,singleton,1
2194,cg05872614,singleton,1
2195,cg05831242,singleton,1
2196,cg05691543,singleton,1
2197,cg05557932,singleton,1
2198,cg06846010,singleton,1
2199,cg05448715,singleton,1
2200,cg05405914,singleton,1
2201,cg05261851,singleton,1
2202,cg05085585,singleton,1
2203,cg05071046,singleton,1
2204,cg04987608,singleton,1
2205,cg04961620,singleton,1
2206,cg04853843,singleton,1
2207,cg08280468,singleton,1
2208,cg08949164,singleton,1
2209,cg08871244,singleton,1
2210,cg08770761,singleton,1
2211,cg08683263,singleton,1
2212,cg08619515,singleton,1
2213,cg08529399,singleton,1
2214,cg08310088,singleton,1
2215,cg08285646,singleton,1
2216,cg04834502,singleton,1
2217,cg08236479,singleton,1
2218,cg08214995,singleton,1
2219,cg07744912,singleton,1
2220,cg07602841,singleton,1
2221,cg07514158,singleton,1
2222,cg07112260,singleton,1
2223,cg06852240,singleton,1
2224,cg01851378,singleton,1
2225,cg03205252,singleton,1
2226,cg03155159,singleton,1
2227,cg03133987,singleton,1
2228,cg02930721,singleton,1
2229,cg02864757,singleton,1
2230,cg02709321,singleton,1
2231,cg02455820,singleton,1
2232,cg02057239,singleton,1
2233,cg03467555,singleton,1
2234,cg01797043,singleton,1
2235,cg01700290,singleton,1
2236,cg01420159,singleton,1
2237,cg00921350,singleton,1
2238,cg00876127,singleton,1
2239,cg00863378,singleton,1
2240,cg00584450,singleton,1
2241,cg04229059,singleton,1
2242,cg04786287,singleton,1
2243,cg04710528,singleton,1
2244,cg04594378,singleton,1
2245,cg04543289,singleton,1
2246,cg04534926,singleton,1
2247,cg04347161,singleton,1
2248,cg04313338,singleton,1
2249,cg04235075,singleton,1
2250,cg11119742,singleton,1
2251,cg04081201,singleton,1
2252,cg04033732,singleton,1
2253,cg04033022,singleton,1
2254,cg03970615,singleton,1
2255,cg03901431,singleton,1
2256,cg03746976,singleton,1
2257,cg03598338,singleton,1
2258,cg13509849,singleton,1
2259,cg15867698,singleton,1
2260,cg15345741,singleton,1
2261,cg15238382,singleton,1
2262,cg14977938,singleton,1
2263,cg14359680,singleton,1
2264,cg14334310,singleton,1
2265,cg14290904,singleton,1
2266,cg14186066,singleton,1
2267,cg16015593,singleton,1
2268,cg13364038,singleton,1
2269,cg12833465,singleton,1
2270,cg12422450,singleton,1
2271,cg12189551,singleton,1
2272,cg12033216,singleton,1
2273,cg11813489,singleton,1
2274,cg11468522,singleton,1
2275,cg10876207,singleton,1
2276,cg18369034,singleton,1
2277,cg21049809,singleton,1
2278,cg20548888,singleton,1
2279,cg20306574,singleton,1
2280,cg20066488,singleton,1
2281,cg19874726,singleton,1
2282,cg19838043,singleton,1
2283,cg19645221,singleton,1
2284,cg18875371,singleton,1
2285,cg10746542,singleton,1
2286,cg18359618,singleton,1
2287,cg17696160,singleton,1
2288,cg16804284,singleton,1
2289,cg16746355,singleton,1
2290,cg16379910,singleton,1
2291,cg16319578,singleton,1
2292,cg16139785,singleton,1
2293,cg05086282,singleton,1
2294,cg05897809,singleton,1
2295,cg05872306,singleton,1
2296,cg05786809,singleton,1
2297,cg05339605,singleton,1
2298,cg05339415,singleton,1
2299,cg05335975,singleton,1
2300,cg05182249,singleton,1
2301,cg05168491,singleton,1
2302,cg05934592,singleton,1
2303,cg04953061,singleton,1
2304,cg04792813,singleton,1
2305,cg04742397,singleton,1
2306,cg04623955,singleton,1
2307,cg04548856,singleton,1
2308,cg04398950,singleton,1
2309,cg04379738,singleton,1
2310,cg07113136,singleton,1
2311,cg10195687,singleton,1
2312,cg09624466,singleton,1
2313,cg08247587,singleton,1
2314,cg08196032,singleton,1
2315,cg07974473,singleton,1
2316,cg07965823,singleton,1
2317,cg07850604,singleton,1
2318,cg07442409,singleton,1
2319,cg21731375,singleton,1
2320,cg06934523,singleton,1
2321,cg06873880,singleton,1
2322,cg06821999,singleton,1
2323,cg06819357,singleton,1
2324,cg06749715,singleton,1
2325,cg06633061,singleton,1
2326,cg06218726,singleton,1
2327,cg05150327,singleton,1
2328,cg07326413,singleton,1
2329,cg07282889,singleton,1
2330,cg07148207,singleton,1
2331,cg06914505,singleton,1
2332,cg06364757,singleton,1
2333,cg06258672,singleton,1
2334,cg05881135,singleton,1
2335,cg05505872,singleton,1
2336,cg07431199,singleton,1
2337,cg04751276,singleton,1
2338,cg04603031,singleton,1
2339,cg04164058,singleton,1
2340,cg04098270,singleton,1
2341,cg04090392,singleton,1
2342,cg03927133,singleton,1
2343,cg03840073,singleton,1
2344,cg03399905,singleton,1
2345,cg09275667,singleton,1
2346,cg10941749,singleton,1
2347,cg10586317,singleton,1
2348,cg10577534,singleton,1
2349,cg10425861,singleton,1
2350,cg10344832,singleton,1
2351,cg10157251,singleton,1
2352,cg09744397,singleton,1
2353,cg09299055,singleton,1
2354,cg03374888,singleton,1
2355,cg09180848,singleton,1
2356,cg08761208,singleton,1
2357,cg08557649,singleton,1
2358,cg08370996,singleton,1
2359,cg07931844,singleton,1
2360,cg07915206,singleton,1
2361,cg07485916,singleton,1
2362,cg24281191,singleton,1
2363,cg26229990,singleton,1
2364,cg26206396,singleton,1
2365,cg26194477,singleton,1
2366,cg25943480,singleton,1
2367,cg25268718,singleton,1
2368,cg24736989,singleton,1
2369,cg24673101,singleton,1
2370,cg24530460,singleton,1
2371,cg27175093,singleton,1
2372,cg24058132,singleton,1
2373,cg24035598,singleton,1
2374,cg23962018,singleton,1
2375,cg23815900,singleton,1
2376,cg22976533,singleton,1
2377,cg22971594,singleton,1
2378,cg22805381,singleton,1
2379,cg01763090,singleton,1
2380,cg03257179,singleton,1
2381,cg02900766,singleton,1
2382,cg02888131,singleton,1
2383,cg02794990,singleton,1
2384,cg02334775,singleton,1
2385,cg02248826,singleton,1
2386,cg02109162,singleton,1
2387,cg02079584,singleton,1
2388,cg20886049,singleton,1
2389,cg01153166,singleton,1
2390,cg00930873,singleton,1
2391,cg00415704,singleton,1
2392,cg00337662,singleton,1
2393,cg00309133,singleton,1
2394,cg00237475,singleton,1
2395,cg27348266,singleton,1
2396,cg24234899,singleton,1
2397,cg27376136,singleton,1
2398,cg27312979,singleton,1
2399,cg26820037,singleton,1
2400,cg26718433,singleton,1
2401,cg26702958,singleton,1
2402,cg26492368,singleton,1
2403,cg24439256,singleton,1
2404,cg24239148,singleton,1
2405,cg27533288,singleton,1
2406,cg24205914,singleton,1
2407,cg23803337,singleton,1
2408,cg23068913,singleton,1
2409,cg23039195,singleton,1
2410,cg22635008,singleton,1
2411,cg22579265,singleton,1
2412,cg21383487,singleton,1
2413,cg20744625,singleton,1
2414,cg03181582,singleton,1
2415,cg04609163,singleton,1
2416,cg04547675,singleton,1
2417,cg04290346,singleton,1
2418,cg03963327,singleton,1
2419,cg03742763,singleton,1
2420,cg03565189,singleton,1
2421,cg03442378,singleton,1
2422,cg03405909,singleton,1
2423,cg20386580,singleton,1
2424,cg02646491,singleton,1
2425,cg02423574,singleton,1
2426,cg02078690,singleton,1
2427,cg02046143,singleton,1
2428,cg01736784,singleton,1
2429,cg01642521,singleton,1
2430,cg01435574,singleton,1
2431,cg07951083,singleton,1
2432,cg10778841,singleton,1
2433,cg10595547,singleton,1
2434,cg10530889,singleton,1
2435,cg09848096,singleton,1
2436,cg09432590,singleton,1
2437,cg09403666,singleton,1
2438,cg09053680,singleton,1
2439,cg08734600,singleton,1
2440,cg10947408,singleton,1
2441,cg07068327,singleton,1
2442,cg06769546,singleton,1
2443,cg05667348,singleton,1
2444,cg05653707,singleton,1
2445,cg04832177,singleton,1
2446,cg04425920,singleton,1
2447,cg03943218,singleton,1
2448,cg15475851,singleton,1
2449,cg19912142,singleton,1
2450,cg18358869,singleton,1
2451,cg17538572,singleton,1
2452,cg16827475,singleton,1
2453,cg16596052,singleton,1
2454,cg16494192,singleton,1
2455,cg16459519,singleton,1
2456,cg16422098,singleton,1
2457,cg05093315,singleton,1
2458,cg14805996,singleton,1
2459,cg12835048,singleton,1
2460,cg12646649,singleton,1
2461,cg11842610,singleton,1
2462,cg11697427,singleton,1
2463,cg11229185,singleton,1
2464,cg11174855,singleton,1
2465,cg20912770,singleton,1
2466,cg23878494,singleton,1
2467,cg23744638,singleton,1
2468,cg23727983,singleton,1
2469,cg23558842,singleton,1
2470,cg23211240,singleton,1
2471,cg23091758,singleton,1
2472,cg22346124,singleton,1
2473,cg22344793,singleton,1
2474,cg24543696,singleton,1
2475,cg20809378,singleton,1
2476,cg20555682,singleton,1
2477,cg20494635,singleton,1
2478,cg20090108,singleton,1
2479,cg19852660,singleton,1
2480,cg19297427,singleton,1
2481,cg18987410,singleton,1
2482,cg18953784,singleton,1
2483,cg02553054,singleton,1
2484,cg08190858,singleton,1
2485,cg07915921,singleton,1
2486,cg07912789,singleton,1
2487,cg07147449,singleton,1
2488,cg05222995,singleton,1
2489,cg04737916,singleton,1
2490,cg03536474,singleton,1
2491,cg03078269,singleton,1
2492,cg18372607,singleton,1
2493,cg02305765,singleton,1
2494,cg01614102,singleton,1
2495,cg00182639,singleton,1
2496,cg27314569,singleton,1
2497,cg26665035,singleton,1
2498,cg25943588,singleton,1
2499,cg24575083,singleton,1
2500,cg08160331,singleton,1
2501,cg11667086,singleton,1
2502,cg11524400,singleton,1
2503,cg11284797,singleton,1
2504,cg10336131,singleton,1
2505,cg10010533,singleton,1
2506,cg09617579,singleton,1
2507,cg09251429,singleton,1
2508,cg08364561,singleton,1
2509,cg11762839,singleton,1
2510,cg07976064,singleton,1
2511,cg07333715,singleton,1
2512,cg07281879,singleton,1
2513,cg06976250,singleton,1
2514,cg06943835,singleton,1
2515,cg06279471,singleton,1
2516,cg05768922,singleton,1
2517,cg15114474,singleton,1
2518,cg18031326,singleton,1
2519,cg16709353,singleton,1
2520,cg16437728,singleton,1
2521,cg16061228,singleton,1
2522,cg15580724,singleton,1
2523,cg15393937,singleton,1
2524,cg15243034,singleton,1
2525,cg15138614,singleton,1
2526,cg03354113,singleton,1
2527,cg14243481,singleton,1
2528,cg13762320,singleton,1
2529,cg13464448,singleton,1
2530,cg13201808,singleton,1
2531,cg13161658,singleton,1
2532,cg12170314,singleton,1
2533,cg12159215,singleton,1
2534,cg00034076,singleton,1
2535,cg03333634,singleton,1
2536,cg03301200,singleton,1
2537,cg02356551,singleton,1
2538,cg02110858,singleton,1
2539,cg01495122,singleton,1
2540,cg00723017,singleton,1
2541,cg00688447,singleton,1
2542,cg00415665,singleton,1
2543,cg03650674,singleton,1
2544,cg27425996,singleton,1
2545,cg27331524,singleton,1
2546,cg27009703,singleton,1
2547,cg26824006,singleton,1
2548,cg26818735,singleton,1
2549,cg26718878,singleton,1
2550,cg26521404,singleton,1
2551,cg26170604,singleton,1
2552,cg06522288,singleton,1
2553,cg08992872,singleton,1
2554,cg08928882,singleton,1
2555,cg07969676,singleton,1
2556,cg07739205,singleton,1
2557,cg07719492,singleton,1
2558,cg07552803,singleton,1
2559,cg07161721,singleton,1
2560,cg06616729,singleton,1
2561,cg26002512,singleton,1
2562,cg05930881,singleton,1
2563,cg05166490,singleton,1
2564,cg04917181,singleton,1
2565,cg04785900,singleton,1
2566,cg04218812,singleton,1
2567,cg04014062,singleton,1
2568,cg03734437,singleton,1
2569,cg17200920,singleton,1
2570,cg20377305,singleton,1
2571,cg20061010,singleton,1
2572,cg19629631,singleton,1
2573,cg19381766,singleton,1
2574,cg19239040,singleton,1
2575,cg18057109,singleton,1
2576,cg18045859,singleton,1
2577,cg17985646,singleton,1
2578,cg20426994,singleton,1
2579,cg16882373,singleton,1
2580,cg16288089,singleton,1
2581,cg15311814,singleton,1
2582,cg15205547,singleton,1
2583,cg15174623,singleton,1
2584,cg14999001,singleton,1
2585,cg14871932,singleton,1
2586,cg22675801,singleton,1
2587,cg24881205,singleton,1
2588,cg24676071,singleton,1
2589,cg24497732,singleton,1
2590,cg24426072,singleton,1
2591,cg24061141,singleton,1
2592,cg23799901,singleton,1
2593,cg23752752,singleton,1
2594,cg23244488,singleton,1
2595,cg09258813,singleton,1
2596,cg22480742,singleton,1
2597,cg22178238,singleton,1
2598,cg21743907,singleton,1
2599,cg21585707,singleton,1
2600,cg21355828,singleton,1
2601,cg21186299,singleton,1
2602,cg20728105,singleton,1
2603,cg25757598,singleton,1
2604,cg13413955,singleton,1
2605,cg10272601,singleton,1
2606,cg27595860,singleton,1
2607,cg27039662,singleton,1
2608,cg27029821,singleton,1
2609,cg26330518,singleton,1
2610,cg26290632,singleton,1
2611,cg26140749,singleton,1
2612,cg13446474,singleton,1
2613,cg25471715,singleton,1
2614,cg25353171,singleton,1
2615,cg25334393,singleton,1
2616,cg25021970,singleton,1
2617,cg24928391,singleton,1
2618,cg24645214,singleton,1
2619,cg24150172,singleton,1
2620,cg14614094,singleton,1
2621,cg02367696,singleton,1
2622,cg00745555,singleton,1
2623,cg00588614,singleton,1
2624,cg21189438,singleton,1
2625,cg21159778,singleton,1
2626,cg20616414,singleton,1
2627,cg14627348,singleton,1
2628,cg14620572,singleton,1
2629,cg24041541,singleton,1
2630,cg14225031,singleton,1
2631,cg14189141,singleton,1
2632,cg13791254,singleton,1
2633,cg13558371,singleton,1
2634,cg13533340,singleton,1
2635,cg13481132,singleton,1
2636,cg13465477,singleton,1
2637,cg14354820,singleton,1
2638,cg16736896,singleton,1
2639,cg16459364,singleton,1
2640,cg15839448,singleton,1
2641,cg15707833,singleton,1
2642,cg15541630,singleton,1
2643,cg15277906,singleton,1
2644,cg14919250,singleton,1
2645,cg14486338,singleton,1
2646,cg16848524,singleton,1
2647,cg14353137,singleton,1
2648,cg13912117,singleton,1
2649,cg12070159,singleton,1
2650,cg11931596,singleton,1
2651,cg11204212,singleton,1
2652,cg11071231,singleton,1
2653,cg11051055,singleton,1
2654,cg20113824,singleton,1
2655,cg24013620,singleton,1
2656,cg23973429,singleton,1
2657,cg23290344,singleton,1
2658,cg21709871,singleton,1
2659,cg21671806,singleton,1
2660,cg20980783,singleton,1
2661,cg20661138,singleton,1
2662,cg20569287,singleton,1
2663,cg09105193,singleton,1
2664,cg19937513,singleton,1
2665,cg19776515,singleton,1
2666,cg19363499,singleton,1
2667,cg18898125,singleton,1
2668,cg18533201,singleton,1
2669,cg17619823,singleton,1
2670,cg17307479,singleton,1
2671,cg03356595,singleton,1
2672,cg04658841,singleton,1
2673,cg04503319,singleton,1
2674,cg04464276,singleton,1
2675,cg04416734,singleton,1
2676,cg04398983,singleton,1
2677,cg04208403,singleton,1
2678,cg04166294,singleton,1
2679,cg03389653,singleton,1
2680,cg05001964,singleton,1
2681,cg03349020,singleton,1
2682,cg02943578,singleton,1
2683,cg02863489,singleton,1
2684,cg02741882,singleton,1
2685,cg02548364,singleton,1
2686,cg02482218,singleton,1
2687,cg02187214,singleton,1
2688,cg02047547,singleton,1
2689,cg09051775,singleton,1
2690,cg26970841,singleton,1
2691,cg10123654,singleton,1
2692,cg09851951,singleton,1
2693,cg09641689,singleton,1
2694,cg09559780,singleton,1
2695,cg09492451,singleton,1
2696,cg09360770,singleton,1
2697,cg09064482,singleton,1
2698,cg01966091,singleton,1
2699,cg08902977,singleton,1
2700,cg07336350,singleton,1
2701,cg07160932,singleton,1
2702,cg06984903,singleton,1
2703,cg06601581,singleton,1
2704,cg05650846,singleton,1
2705,cg05507654,singleton,1
2706,cg18491080,singleton,1
2707,cg23217512,singleton,1
2708,cg22452230,singleton,1
2709,cg21801378,singleton,1
2710,cg21567504,singleton,1
2711,cg21084284,singleton,1
2712,cg20809087,singleton,1
2713,cg19464804,singleton,1
2714,cg19157034,singleton,1
2715,cg23934731,singleton,1
2716,cg18363538,singleton,1
2717,cg16048568,singleton,1
2718,cg15070718,singleton,1
2719,cg13942157,singleton,1
2720,cg13615592,singleton,1
2721,cg12850078,singleton,1
2722,cg12421755,singleton,1
2723,cg27553667,singleton,1
2724,cg01083549,singleton,1
2725,cg01047631,singleton,1
2726,cg00942219,singleton,1
2727,cg00916884,singleton,1
2728,cg00582524,singleton,1
2729,cg00511674,singleton,1
2730,cg00381442,singleton,1
2731,cg27578811,singleton,1
2732,cg00548708,singleton,1
2733,cg27552679,singleton,1
2734,cg26674943,singleton,1
2735,cg26654798,singleton,1
2736,cg25950235,singleton,1
2737,cg25508605,singleton,1
2738,cg25236230,singleton,1
2739,cg25049597,singleton,1
2740,cg21347874,singleton,1
2741,cg24157892,singleton,1
2742,cg23798387,singleton,1
2743,cg23709902,singleton,1
2744,cg22894896,singleton,1
2745,cg22353329,singleton,1
2746,cg22163280,singleton,1
2747,cg21882300,singleton,1
2748,cg21692620,singleton,1
2749,cg24517323,singleton,1
2750,cg21139312,singleton,1
2751,cg20405017,singleton,1
2752,cg20370678,singleton,1
2753,cg20273670,singleton,1
2754,cg20090283,singleton,1
2755,cg19760241,singleton,1
2756,cg19401340,singleton,1
2757,cg19106932,singleton,1
2758,cg03614193,singleton,1
2759,cg14306734,singleton,1
2760,cg13437581,singleton,1
2761,cg12473406,singleton,1
2762,cg06248560,singleton,1
2763,cg06090660,singleton,1
2764,cg05945059,singleton,1
2765,cg05627083,singleton,1
2766,cg03735496,singleton,1
2767,cg18002447,singleton,1
2768,cg27470213,singleton,1
2769,cg27125849,singleton,1
2770,cg26161329,singleton,1
2771,cg26130488,singleton,1
2772,cg25616535,singleton,1
2773,cg25309759,singleton,1
2774,cg24849872,singleton,1
2775,cg08345719,singleton,1
2776,cg11011533,singleton,1
2777,cg10137837,singleton,1
2778,cg09927651,singleton,1
2779,cg09655666,singleton,1
2780,cg09648727,singleton,1
2781,cg09161455,singleton,1
2782,cg09096555,singleton,1
2783,cg08594218,singleton,1
2784,cg11071401,singleton,1
2785,cg08039301,singleton,1
2786,cg07829379,singleton,1
2787,cg07365960,singleton,1
2788,cg06700146,singleton,1
2789,cg05396212,singleton,1
2790,cg03679521,singleton,1
2791,cg02745847,singleton,1
2792,cg14754787,singleton,1
2793,cg17833265,singleton,1
2794,cg17787134,singleton,1
2795,cg17379325,singleton,1
2796,cg16969368,singleton,1
2797,cg16898239,singleton,1
2798,cg16208357,singleton,1
2799,cg16195091,singleton,1
2800,cg15908921,singleton,1
2801,cg12400336,singleton,1
2802,cg14692377,singleton,1
2803,cg14328457,singleton,1
2804,cg14311597,singleton,1
2805,cg14244013,singleton,1
2806,cg12658720,singleton,1
2807,cg12533658,singleton,1
2808,cg11301492,singleton,1
2809,cg16519487,singleton,1
2810,cg23619365,singleton,1
2811,cg22900415,singleton,1
2812,cg22396555,singleton,1
2813,cg20312205,singleton,1
2814,cg19712603,singleton,1
2815,cg19329160,singleton,1
2816,cg18557131,singleton,1
2817,cg18437365,singleton,1
2818,cg24221648,singleton,1
2819,cg16068263,singleton,1
2820,cg14472366,singleton,1
2821,cg14168923,singleton,1
2822,cg13917662,singleton,1
2823,cg13692446,singleton,1
2824,cg12271981,singleton,1
2825,cg12225226,singleton,1
2826,cg10795666,singleton,1
2827,cg00779065,singleton,1
2828,cg01894498,singleton,1
2829,cg01882866,singleton,1
2830,cg01802258,singleton,1
2831,cg01796166,singleton,1
2832,cg01739725,singleton,1
2833,cg01664864,singleton,1
2834,cg01627823,singleton,1
2835,cg01268763,singleton,1
2836,cg10068417,singleton,1
2837,cg00770998,singleton,1
2838,cg27180153,singleton,1
2839,cg26685941,singleton,1
2840,cg26299169,singleton,1
2841,cg25461801,singleton,1
2842,cg25318296,singleton,1
2843,cg24436446,singleton,1
2844,cg18612627,singleton,1
2845,cg23737927,singleton,1
2846,cg22802813,singleton,1
2847,cg22635491,singleton,1
2848,cg22402467,singleton,1
2849,cg20443254,singleton,1
2850,cg19794507,singleton,1
2851,cg19421125,singleton,1
2852,cg18708986,singleton,1
2853,cg24453580,singleton,1
2854,cg16856286,singleton,1
2855,cg16374999,singleton,1
2856,cg14643892,singleton,1
2857,cg13372458,singleton,1
2858,cg10143811,singleton,1
2859,cg09692396,singleton,1
2860,cg09120938,singleton,1
2861,cg03637815,singleton,1
2862,cg08386692,singleton,1
2863,cg08136772,singleton,1
2864,cg07847863,singleton,1
2865,cg07416237,singleton,1
2866,cg05673756,singleton,1
2867,cg05404236,singleton,1
2868,cg04047221,singleton,1
2869,cg03697308,singleton,1
2870,cg02036261,singleton,1
2871,cg02067712,singleton,1
2872,cg00295794,singleton,1
2873,cg27630311,singleton,1
2874,cg27464184,singleton,1
2875,cg27458987,singleton,1
2876,cg27315191,singleton,1
2877,cg26953453,singleton,1
2878,cg20981086,singleton,1
2879,cg03024760,singleton,1
2880,cg02281208,singleton,1
2881,cg01348004,singleton,1
2882,cg23998119,singleton,1
2883,cg23248887,singleton,1
2884,cg23191956,singleton,1
2885,cg21195256,singleton,1
2886,cg21039708,singleton,1
2887,cg04188862,singleton,1
2888,cg20585530,singleton,1
2889,cg18877361,singleton,1
2890,cg18804615,singleton,1
2891,cg18655384,singleton,1
2892,cg18511526,singleton,1
2893,cg18468354,singleton,1
2894,cg18451814,singleton,1
2895,cg07394446,singleton,1
2896,cg12379383,singleton,1
2897,cg11324957,singleton,1
2898,cg10763234,singleton,1
2899,cg09969277,singleton,1
2900,cg09628962,singleton,1
2901,cg08182446,singleton,1
2902,cg07721203,singleton,1
2903,cg07433663,singleton,1
2904,cg18414021,singleton,1
2905,cg06829968,singleton,1
2906,cg06799422,singleton,1
2907,cg06784436,singleton,1
2908,cg05417162,singleton,1
2909,cg05196969,singleton,1
2910,cg04875128,singleton,1
2911,cg04640920,singleton,1
2912,cg07136325,singleton,1
2913,cg10755235,singleton,1
2914,cg10741025,singleton,1
2915,cg10137231,singleton,1
2916,cg09994418,singleton,1
2917,cg09341793,singleton,1
2918,cg08315174,singleton,1
2919,cg07573727,singleton,1
2920,cg07435445,singleton,1
2921,cg11130317,singleton,1
2922,cg06957447,singleton,1
2923,cg04961582,singleton,1
2924,cg04926361,singleton,1
2925,cg04193970,singleton,1
2926,cg04184232,singleton,1
2927,cg02881570,singleton,1
2928,cg02210934,singleton,1
2929,cg13546414,singleton,1
2930,cg15914828,singleton,1
2931,cg15489250,singleton,1
2932,cg15440688,singleton,1
2933,cg15416329,singleton,1
2934,cg14507337,singleton,1
2935,cg14370314,singleton,1
2936,cg14020846,singleton,1
2937,cg14005139,singleton,1
2938,cg13330868,singleton,1
2939,cg13209481,singleton,1
2940,cg13126530,singleton,1
2941,cg13023623,singleton,1
2942,cg13019491,singleton,1
2943,cg13012916,singleton,1
2944,cg12920180,singleton,1
2945,cg11143148,singleton,1
2946,cg11274314,singleton,1
2947,cg13283952,singleton,1
2948,cg12942414,singleton,1
2949,cg12912690,singleton,1
2950,cg12573849,singleton,1
2951,cg11857704,singleton,1
2952,cg11726648,singleton,1
2953,cg11418477,singleton,1
2954,cg11380327,singleton,1
2955,cg13700939,singleton,1
2956,cg10982364,singleton,1
2957,cg10954469,singleton,1
2958,cg09424526,singleton,1
2959,cg09304357,singleton,1
2960,cg08813062,singleton,1
2961,cg08750504,singleton,1
2962,cg08613144,singleton,1
2963,cg08084860,singleton,1
2964,cg15562346,singleton,1
2965,cg17258703,singleton,1
2966,cg17161250,singleton,1
2967,cg17156491,singleton,1
2968,cg16987524,singleton,1
2969,cg16832267,singleton,1
2970,cg16700364,singleton,1
2971,cg16361302,singleton,1
2972,cg16218721,singleton,1
2973,cg08077337,singleton,1
2974,cg15149655,singleton,1
2975,cg15121420,singleton,1
2976,cg15054725,singleton,1
2977,cg14459130,singleton,1
2978,cg14379854,singleton,1
2979,cg14165051,singleton,1
2980,cg14102128,singleton,1
2981,cg02173749,singleton,1
2982,cg04316624,singleton,1
2983,cg04037038,singleton,1
2984,cg03579107,singleton,1
2985,cg03181248,singleton,1
2986,cg02694427,singleton,1
2987,cg02683759,singleton,1
2988,cg02629106,singleton,1
2989,cg02488942,singleton,1
2990,cg04415176,singleton,1
2991,cg01576677,singleton,1
2992,cg00690148,singleton,1
2993,cg00445126,singleton,1
2994,cg00318320,singleton,1
2995,cg00289546,singleton,1
2996,cg00209038,singleton,1
2997,cg00097146,singleton,1
2998,cg05349062,singleton,1
2999,cg08042975,singleton,1
3000,cg08031368,singleton,1
3001,cg07974511,singleton,1
3002,cg07936950,singleton,1
3003,cg07098902,singleton,1
3004,cg07078841,singleton,1
3005,cg06192497,singleton,1
3006,cg05864140,singleton,1
3007,cg17397592,singleton,1
3008,cg05289022,singleton,1
3009,cg05214685,singleton,1
3010,cg05021643,singleton,1
3011,cg04864807,singleton,1
3012,cg04749646,singleton,1
3013,cg04663790,singleton,1
3014,cg04654530,singleton,1
3015,cg05142211,singleton,1
3016,cg07883600,singleton,1
3017,cg07744841,singleton,1
3018,cg07351192,singleton,1
3019,cg07034362,singleton,1
3020,cg06911020,singleton,1
3021,cg05531255,singleton,1
3022,cg05513806,singleton,1
3023,cg05471845,singleton,1
3024,cg08066943,singleton,1
3025,cg05075118,singleton,1
3026,cg05063999,singleton,1
3027,cg04908625,singleton,1
3028,cg03602730,singleton,1
3029,cg02519751,singleton,1
3030,cg02164046,singleton,1
3031,cg00344900,singleton,1
3032,cg00065935,singleton,1
3033,cg10943458,singleton,1
3034,cg13036855,singleton,1
3035,cg13033938,singleton,1
3036,cg12993163,singleton,1
3037,cg12943155,singleton,1
3038,cg12700904,singleton,1
3039,cg12412079,singleton,1
3040,cg12252865,singleton,1
3041,cg11440030,singleton,1
3042,cg00028935,singleton,1
3043,cg10630880,singleton,1
3044,cg10542584,singleton,1
3045,cg10245988,singleton,1
3046,cg09401099,singleton,1
3047,cg08555653,singleton,1
3048,cg08276289,singleton,1
3049,cg08102508,singleton,1
3050,cg20156659,singleton,1
3051,cg22880770,singleton,1
3052,cg22674699,singleton,1
3053,cg22587479,singleton,1
3054,cg22388982,singleton,1
3055,cg22242842,singleton,1
3056,cg21918313,singleton,1
3057,cg21117668,singleton,1
3058,cg20926035,singleton,1
3059,cg23045594,singleton,1
3060,cg20139706,singleton,1
3061,cg20002504,singleton,1
3062,cg19714279,singleton,1
3063,cg18856652,singleton,1
3064,cg18667659,singleton,1
3065,cg18623980,singleton,1
3066,cg18077971,singleton,1
3067,cg25741215,singleton,1
3068,cg27139836,singleton,1
3069,cg27076454,singleton,1
3070,cg26649384,singleton,1
3071,cg26631984,singleton,1
3072,cg26337070,singleton,1
3073,cg26112014,singleton,1
3074,cg26095658,singleton,1
3075,cg25756780,singleton,1
3076,cg27549720,singleton,1
3077,cg25517810,singleton,1
3078,cg24772753,singleton,1
3079,cg24611351,singleton,1
3080,cg24436906,singleton,1
3081,cg23424933,singleton,1
3082,cg23348270,singleton,1
3083,cg23062198,singleton,1
3084,cg08169949,singleton,1
3085,cg10634619,singleton,1
3086,cg10521153,singleton,1
3087,cg09864227,singleton,1
3088,cg09671258,singleton,1
3089,cg09167414,singleton,1
3090,cg08894594,singleton,1
3091,cg08845123,singleton,1
3092,cg08231710,singleton,1
3093,cg10717691,singleton,1
3094,cg07599881,singleton,1
3095,cg07366503,singleton,1
3096,cg07202479,singleton,1
3097,cg07201754,singleton,1
3098,cg07197785,singleton,1
3099,cg07181952,singleton,1
3100,cg07005055,singleton,1
3101,cg06962177,singleton,1
3102,cg13673164,singleton,1
3103,cg15617155,singleton,1
3104,cg15545772,singleton,1
3105,cg15007228,singleton,1
3106,cg14852384,singleton,1
3107,cg13849378,singleton,1
3108,cg13806070,singleton,1
3109,cg13803688,singleton,1
3110,cg13782884,singleton,1
3111,cg06936155,singleton,1
3112,cg13472192,singleton,1
3113,cg13435718,singleton,1
3114,cg13060114,singleton,1
3115,cg12634306,singleton,1
3116,cg12126857,singleton,1
3117,cg12071888,singleton,1
3118,cg11980944,singleton,1
3119,cg01959730,singleton,1
3120,cg03650713,singleton,1
3121,cg03397716,singleton,1
3122,cg03054277,singleton,1
3123,cg02987928,singleton,1
3124,cg02856953,singleton,1
3125,cg02773945,singleton,1
3126,cg02631838,singleton,1
3127,cg02388865,singleton,1
3128,cg04030615,singleton,1
3129,cg01931994,singleton,1
3130,cg01777643,singleton,1
3131,cg01281911,singleton,1
3132,cg01134183,singleton,1
3133,cg01101873,singleton,1
3134,cg00152008,singleton,1
3135,cg00095594,singleton,1
3136,cg06211724,singleton,1
3137,cg06931612,singleton,1
3138,cg06829686,singleton,1
3139,cg06784991,singleton,1
3140,cg06660332,singleton,1
3141,cg06645033,singleton,1
3142,cg06641388,singleton,1
3143,cg06619077,singleton,1
3144,cg06445348,singleton,1
3145,cg15728256,singleton,1
3146,cg05923687,singleton,1
3147,cg05364759,singleton,1
3148,cg05051043,singleton,1
3149,cg04560225,singleton,1
3150,cg04552470,singleton,1
3151,cg04299080,singleton,1
3152,cg04275027,singleton,1
3153,cg23291161,singleton,1
3154,cg24466241,singleton,1
3155,cg24306982,singleton,1
3156,cg24151926,singleton,1
3157,cg24080008,singleton,1
3158,cg23923856,singleton,1
3159,cg23847109,singleton,1
3160,cg23689712,singleton,1
3161,cg23629166,singleton,1
3162,cg24469980,singleton,1
3163,cg23115387,singleton,1
3164,cg23097402,singleton,1
3165,cg22851420,singleton,1
3166,cg22795586,singleton,1
3167,cg22606205,singleton,1
3168,cg22451356,singleton,1
3169,cg21863110,singleton,1
3170,cg25773262,singleton,1
3171,cg27504802,singleton,1
3172,cg27314669,singleton,1
3173,cg27177841,singleton,1
3174,cg26841013,singleton,1
3175,cg26560222,singleton,1
3176,cg26547924,singleton,1
3177,cg26345105,singleton,1
3178,cg25979559,singleton,1
3179,cg21578219,singleton,1
3180,cg25465938,singleton,1
3181,cg25104105,singleton,1
3182,cg24932457,singleton,1
3183,cg24884142,singleton,1
3184,cg24851854,singleton,1
3185,cg24740868,singleton,1
3186,cg24662698,singleton,1
3187,cg16400794,singleton,1
3188,cg17941572,singleton,1
3189,cg17879376,singleton,1
3190,cg17800654,singleton,1
3191,cg17716664,singleton,1
3192,cg17477162,singleton,1
3193,cg17218713,singleton,1
3194,cg16993043,singleton,1
3195,cg16554164,singleton,1
3196,cg18175808,singleton,1
3197,cg16391955,singleton,1
3198,cg16348470,singleton,1
3199,cg16290275,singleton,1
3200,cg16037711,singleton,1
3201,cg16015712,singleton,1
3202,cg15987885,singleton,1
3203,cg15841063,singleton,1
3204,cg19251242,singleton,1
3205,cg21306240,singleton,1
3206,cg21270860,singleton,1
3207,cg20463526,singleton,1
3208,cg20329210,singleton,1
3209,cg20146541,singleton,1
3210,cg19901801,singleton,1
3211,cg19715410,singleton,1
3212,cg19318393,singleton,1
3213,cg13347257,singleton,1
3214,cg19019214,singleton,1
3215,cg18815943,singleton,1
3216,cg18786873,singleton,1
3217,cg18540492,singleton,1
3218,cg18322569,singleton,1
3219,cg18318878,singleton,1
3220,cg18236421,singleton,1
3221,cg08453194,singleton,1
3222,cg11118422,singleton,1
3223,cg10978034,singleton,1
3224,cg10074727,singleton,1
3225,cg09893871,singleton,1
3226,cg09797577,singleton,1
3227,cg09259037,singleton,1
3228,cg08958294,singleton,1
3229,cg08640634,singleton,1
3230,cg12123671,singleton,1
3231,cg07923390,singleton,1
3232,cg07323825,singleton,1
3233,cg07009376,singleton,1
3234,cg06558014,singleton,1
3235,cg06540876,singleton,1
3236,cg06187770,singleton,1
3237,cg05452406,singleton,1
3238,cg05384102,singleton,1
3239,cg14314744,singleton,1
3240,cg16113661,singleton,1
3241,cg16044251,singleton,1
3242,cg15749870,singleton,1
3243,cg15406010,singleton,1
3244,cg14488952,singleton,1
3245,cg14366571,singleton,1
3246,cg14344102,singleton,1
3247,cg14334441,singleton,1
3248,cg04630292,singleton,1
3249,cg14271531,singleton,1
3250,cg14176752,singleton,1
3251,cg13738144,singleton,1
3252,cg13486532,singleton,1
3253,cg13368923,singleton,1
3254,cg13364903,singleton,1
3255,cg12419863,singleton,1
3256,cg20750832,singleton,1
3257,cg23244289,singleton,1
3258,cg23065934,singleton,1
3259,cg23024136,singleton,1
3260,cg22995692,singleton,1
3261,cg22855900,singleton,1
3262,cg22784954,singleton,1
3263,cg20930366,singleton,1
3264,cg20755170,singleton,1
3265,cg23445461,singleton,1
3266,cg19814981,singleton,1
3267,cg19609242,singleton,1
3268,cg19456953,singleton,1
3269,cg18839637,singleton,1
3270,cg18705773,singleton,1
3271,cg18697636,singleton,1
3272,cg18635552,singleton,1
3273,cg27090062,singleton,1
3274,cg03585912,singleton,1
3275,cg03236802,singleton,1
3276,cg01995743,singleton,1
3277,cg01882991,singleton,1
3278,cg00613752,singleton,1
3279,cg00590324,singleton,1
3280,cg00575005,singleton,1
3281,cg00336320,singleton,1
3282,cg17017591,singleton,1
3283,cg27015057,singleton,1
3284,cg25482900,singleton,1
3285,cg25449484,singleton,1
3286,cg25090514,singleton,1
3287,cg24996482,singleton,1
3288,cg24711224,singleton,1
3289,cg24619378,singleton,1
3290,cg01310829,singleton,1
3291,cg04115680,singleton,1
3292,cg04109092,singleton,1
3293,cg03366574,singleton,1
3294,cg02168303,singleton,1
3295,cg02087931,singleton,1
3296,cg01877778,singleton,1
3297,cg01688536,singleton,1
3298,cg01354961,singleton,1
3299,cg05157140,singleton,1
3300,cg01217984,singleton,1
3301,cg00874990,singleton,1
3302,cg00840332,singleton,1
3303,cg00622010,singleton,1
3304,cg00292135,singleton,1
3305,cg00173659,singleton,1
3306,cg26954968,singleton,1
3307,cg26845300,singleton,1
3308,cg09267051,singleton,1
3309,cg12935170,singleton,1
3310,cg12345672,singleton,1
3311,cg12223582,singleton,1
3312,cg11881754,singleton,1
3313,cg10659805,singleton,1
3314,cg09754845,singleton,1
3315,cg09516959,singleton,1
3316,cg09477453,singleton,1
3317,cg26422161,singleton,1
3318,cg09124496,singleton,1
3319,cg08540945,singleton,1
3320,cg07927379,singleton,1
3321,cg06155229,singleton,1
3322,cg05994320,singleton,1
3323,cg05809668,singleton,1
3324,cg05666820,singleton,1
3325,cg18243760,singleton,1
3326,cg20294304,singleton,1
3327,cg20133890,singleton,1
3328,cg20114732,singleton,1
3329,cg20011562,singleton,1
3330,cg19384531,singleton,1
3331,cg18849840,singleton,1
3332,cg18782604,singleton,1
3333,cg18468088,singleton,1
3334,cg20442599,singleton,1
3335,cg18206017,singleton,1
3336,cg18018027,singleton,1
3337,cg17760405,singleton,1
3338,cg17697633,singleton,1
3339,cg17303756,singleton,1
3340,cg17295225,singleton,1
3341,cg17066943,singleton,1
3342,cg23946695,singleton,1
3343,cg26280713,singleton,1
3344,cg25729445,singleton,1
3345,cg25360181,singleton,1
3346,cg25051341,singleton,1
3347,cg24369185,singleton,1
3348,cg24311382,singleton,1
3349,cg24211504,singleton,1
3350,cg24151352,singleton,1
3351,cg18530551,singleton,1
3352,cg23930856,singleton,1
3353,cg23627335,singleton,1
3354,cg22851295,singleton,1
3355,cg22367191,singleton,1
3356,cg22282405,singleton,1
3357,cg22218573,singleton,1
3358,cg21277243,singleton,1
3359,cg06679347,singleton,1
3360,cg09354241,singleton,1
3361,cg08474859,singleton,1
3362,cg08297751,singleton,1
3363,cg08062484,singleton,1
3364,cg07907386,singleton,1
3365,cg07349208,singleton,1
3366,cg07171111,singleton,1
3367,cg06970472,singleton,1
3368,cg10850791,singleton,1
3369,cg06588201,singleton,1
3370,cg06374325,singleton,1
3371,cg06065125,singleton,1
3372,cg05990549,singleton,1
3373,cg05164933,singleton,1
3374,cg04575395,singleton,1
3375,cg03204605,singleton,1
3376,cg03184290,singleton,1
3377,cg14146100,singleton,1
3378,cg17231999,singleton,1
3379,cg17128947,singleton,1
3380,cg16509851,singleton,1
3381,cg16357388,singleton,1
3382,cg16295725,singleton,1
3383,cg15707093,singleton,1
3384,cg14704921,singleton,1
3385,cg14249348,singleton,1
3386,cg02348751,singleton,1
3387,cg12950911,singleton,1
3388,cg12765028,singleton,1
3389,cg12598635,singleton,1
3390,cg12306195,singleton,1
3391,cg12069267,singleton,1
3392,cg11416384,singleton,1
3393,cg11390378,singleton,1
3394,cg16703882,singleton,1
3395,cg19029181,singleton,1
3396,cg18252903,singleton,1
3397,cg18140433,singleton,1
3398,cg17285225,singleton,1
3399,cg17280346,singleton,1
3400,cg16953297,singleton,1
3401,cg16927040,singleton,1
3402,cg16909408,singleton,1
3403,cg19628148,singleton,1
3404,cg16450309,singleton,1
3405,cg16276063,singleton,1
3406,cg15593298,singleton,1
3407,cg15347189,singleton,1
3408,cg15106134,singleton,1
3409,cg15078681,singleton,1
3410,cg15070848,singleton,1
3411,cg23431892,singleton,1
3412,cg01552919,singleton,1
3413,cg01281776,singleton,1
3414,cg01142635,singleton,1
3415,cg27501759,singleton,1
3416,cg27136844,singleton,1
3417,cg25645064,singleton,1
3418,cg24847685,singleton,1
3419,cg24144083,singleton,1
3420,cg17790852,singleton,1
3421,cg22934295,singleton,1
3422,cg21585138,singleton,1
3423,cg21502255,singleton,1
3424,cg20953187,singleton,1
3425,cg20952286,singleton,1
3426,cg20522387,singleton,1
3427,cg20072171,singleton,1
3428,cg10616795,singleton,1
3429,cg13368756,singleton,1
3430,cg12882697,singleton,1
3431,cg12456714,singleton,1
3432,cg11795854,singleton,1
3433,cg11670605,singleton,1
3434,cg11291003,singleton,1
3435,cg11250941,singleton,1
3436,cg11021940,singleton,1
3437,cg13647155,singleton,1
3438,cg10441628,singleton,1
3439,cg09740671,singleton,1
3440,cg09693432,singleton,1
3441,cg09500443,singleton,1
3442,cg09458272,singleton,1
3443,cg09451457,singleton,1
3444,cg09054633,singleton,1
3445,cg15929797,singleton,1
3446,cg18443359,singleton,1
3447,cg18104919,singleton,1
3448,cg18058747,singleton,1
3449,cg17774559,singleton,1
3450,cg17429000,singleton,1
3451,cg16624521,singleton,1
3452,cg16435923,singleton,1
3453,cg16049690,singleton,1
3454,cg08957484,singleton,1
3455,cg15690342,singleton,1
3456,cg15672768,singleton,1
3457,cg15132565,singleton,1
3458,cg15101980,singleton,1
3459,cg14698448,singleton,1
3460,cg14685796,singleton,1
3461,cg14619259,singleton,1
3462,cg23254393,singleton,1
3463,cg00327072,singleton,1
3464,cg26860935,singleton,1
3465,cg24496475,singleton,1
3466,cg24395452,singleton,1
3467,cg24224020,singleton,1
3468,cg24199834,singleton,1
3469,cg23995914,singleton,1
3470,cg23543123,singleton,1
3471,cg00332937,singleton,1
3472,cg22717014,singleton,1
3473,cg21399832,singleton,1
3474,cg19972558,singleton,1
3475,cg19597382,singleton,1
3476,cg19300568,singleton,1
3477,cg18790597,singleton,1
3478,cg17891820,singleton,1
3479,cg05904966,singleton,1
3480,cg08893692,singleton,1
3481,cg08850461,singleton,1
3482,cg08616061,singleton,1
3483,cg07432626,singleton,1
3484,cg07363137,singleton,1
3485,cg07274716,singleton,1
3486,cg07011172,singleton,1
3487,cg06410537,singleton,1
3488,cg15139644,singleton,1
3489,cg05845376,singleton,1
3490,cg05016408,singleton,1
3491,cg04992127,singleton,1
3492,cg04684516,singleton,1
3493,cg04518342,singleton,1
3494,cg02125316,singleton,1
3495,cg01135780,singleton,1
3496,cg01581018,singleton,1
3497,cg02102424,singleton,1
3498,cg02090656,singleton,1
3499,cg02056062,singleton,1
3500,cg02047661,singleton,1
3501,cg01844642,singleton,1
3502,cg01777121,singleton,1
3503,cg01671681,singleton,1
3504,cg01596834,singleton,1
3505,cg02239862,singleton,1
3506,cg01563973,singleton,1
3507,cg01289541,singleton,1
3508,cg01002529,singleton,1
3509,cg00984696,singleton,1
3510,cg00906812,singleton,1
3511,cg00891278,singleton,1
3512,cg00481951,singleton,1
3513,cg00329615,singleton,1
3514,cg03591499,singleton,1
3515,cg04474832,singleton,1
3516,cg04386206,singleton,1
3517,cg04304561,singleton,1
3518,cg04035392,singleton,1
3519,cg03956042,singleton,1
3520,cg03869608,singleton,1
3521,cg03631131,singleton,1
3522,cg03607117,singleton,1
3523,cg00238349,singleton,1
3524,cg03534662,singleton,1
3525,cg03447556,singleton,1
3526,cg03308652,singleton,1
3527,cg03194226,singleton,1
3528,cg02719752,singleton,1
3529,cg02490920,singleton,1
3530,cg02336827,singleton,1
3531,cg25073919,singleton,1
3532,cg26343883,singleton,1
3533,cg26279070,singleton,1
3534,cg26191447,singleton,1
3535,cg26189067,singleton,1
3536,cg26067250,singleton,1
3537,cg25549459,singleton,1
3538,cg25413977,singleton,1
3539,cg25385733,singleton,1
3540,cg26424147,singleton,1
3541,cg25047092,singleton,1
3542,cg24935556,singleton,1
3543,cg24868150,singleton,1
3544,cg24859623,singleton,1
3545,cg24768561,singleton,1
3546,cg24621972,singleton,1
3547,cg24333629,singleton,1
3548,cg27320127,singleton,1
3549,cg00235367,singleton,1
3550,cg00174179,singleton,1
3551,cg00153306,singleton,1
3552,cg27553955,singleton,1
3553,cg27480727,singleton,1
3554,cg27456468,singleton,1
3555,cg27378835,singleton,1
3556,cg27365825,singleton,1
3557,cg04556126,singleton,1
3558,cg27291385,singleton,1
3559,cg27175509,singleton,1
3560,cg26946259,singleton,1
3561,cg26913248,singleton,1
3562,cg26647617,singleton,1
3563,cg26530942,singleton,1
3564,cg26530498,singleton,1
3565,cg11142705,singleton,1
3566,cg13066983,singleton,1
3567,cg13066481,singleton,1
3568,cg12623930,singleton,1
3569,cg12554573,singleton,1
3570,cg12408494,singleton,1
3571,cg12307306,singleton,1
3572,cg12091542,singleton,1
3573,cg11359984,singleton,1
3574,cg13278496,singleton,1
3575,cg11084334,singleton,1
3576,cg10806820,singleton,1
3577,cg10761979,singleton,1
3578,cg10748355,singleton,1
3579,cg10683929,singleton,1
3580,cg10526277,singleton,1
3581,cg10506882,singleton,1
3582,cg10475172,singleton,1
3583,cg14188401,singleton,1
3584,cg15171154,singleton,1
3585,cg15002294,singleton,1
3586,cg14775286,singleton,1
3587,cg14769021,singleton,1
3588,cg14671809,singleton,1
3589,cg14583999,singleton,1
3590,cg14507891,singleton,1
3591,cg14311670,singleton,1
3592,cg10409919,singleton,1
3593,cg13964105,singleton,1
3594,cg13921352,singleton,1
3595,cg13874466,singleton,1
3596,cg13719901,singleton,1
3597,cg13575298,singleton,1
3598,cg13483026,singleton,1
3599,cg13482209,singleton,1
3600,cg05700079,singleton,1
3601,cg06792417,singleton,1
3602,cg06661266,singleton,1
3603,cg06621358,singleton,1
3604,cg06327727,singleton,1
3605,cg06306198,singleton,1
3606,cg06205331,singleton,1
3607,cg05893614,singleton,1
3608,cg05725703,singleton,1
3609,cg07357683,singleton,1
3610,cg05541640,singleton,1
3611,cg05476568,singleton,1
3612,cg05308645,singleton,1
3613,cg05261596,singleton,1
3614,cg05121480,singleton,1
3615,cg05095591,singleton,1
3616,cg05062178,singleton,1
3617,cg08654915,singleton,1
3618,cg10247798,singleton,1
3619,cg09834794,singleton,1
3620,cg09688588,singleton,1
3621,cg09608765,singleton,1
3622,cg09524078,singleton,1
3623,cg09379755,singleton,1
3624,cg09241332,singleton,1
3625,cg09003833,singleton,1
3626,cg23917057,singleton,1
3627,cg08515264,singleton,1
3628,cg08122899,singleton,1
3629,cg08091192,singleton,1
3630,cg07876132,singleton,1
3631,cg07766263,singleton,1
3632,cg07705835,singleton,1
3633,cg07477792,singleton,1
3634,cg11014740,singleton,1
3635,cg13252401,singleton,1
3636,cg12608433,singleton,1
3637,cg12258344,singleton,1
3638,cg12130211,singleton,1
3639,cg12110911,singleton,1
3640,cg12001304,singleton,1
3641,cg11503396,singleton,1
3642,cg11253886,singleton,1
3643,cg13372879,singleton,1
3644,cg10997718,singleton,1
3645,cg10986849,singleton,1
3646,cg10944063,singleton,1
3647,cg10927449,singleton,1
3648,cg10757065,singleton,1
3649,cg10658666,singleton,1
3650,cg10625533,singleton,1
3651,cg10521706,singleton,1
3652,cg14228146,singleton,1
3653,cg14991487,singleton,1
3654,cg14912644,singleton,1
3655,cg14898223,singleton,1
3656,cg14670435,singleton,1
3657,cg14639163,singleton,1
3658,cg14559259,singleton,1
3659,cg14481315,singleton,1
3660,cg14305711,singleton,1
3661,cg10476112,singleton,1
3662,cg13869872,singleton,1
3663,cg13702421,singleton,1
3664,cg13687996,singleton,1
3665,cg13667638,singleton,1
3666,cg13433250,singleton,1
3667,cg13388731,singleton,1
3668,cg13381486,singleton,1
3669,cg06571387,singleton,1
3670,cg07152755,singleton,1
3671,cg06881421,singleton,1
3672,cg06865612,singleton,1
3673,cg06850467,singleton,1
3674,cg06844526,singleton,1
3675,cg06738242,singleton,1
3676,cg06682024,singleton,1
3677,cg06640584,singleton,1
3678,cg07565551,singleton,1
3679,cg06567855,singleton,1
3680,cg06488443,singleton,1
3681,cg06470727,singleton,1
3682,cg06391199,singleton,1
3683,cg06240854,singleton,1
3684,cg06197616,singleton,1
3685,cg06142740,singleton,1
3686,cg08578136,singleton,1
3687,cg10107473,singleton,1
3688,cg10039299,singleton,1
3689,cg10004780,singleton,1
3690,cg09681043,singleton,1
3691,cg09643136,singleton,1
3692,cg09597470,singleton,1
3693,cg09464466,singleton,1
3694,cg08825084,singleton,1
3695,cg15069295,singleton,1
3696,cg08558886,singleton,1
3697,cg08520746,singleton,1
3698,cg08473330,singleton,1
3699,cg07986943,singleton,1
3700,cg07891081,singleton,1
3701,cg07810806,singleton,1
3702,cg07580038,singleton,1
3703,cg20930114,singleton,1
3704,cg22016779,singleton,1
3705,cg22007809,singleton,1
3706,cg22001533,singleton,1
3707,cg21674927,singleton,1
3708,cg21563471,singleton,1
3709,cg21303039,singleton,1
3710,cg21165221,singleton,1
3711,cg21092808,singleton,1
3712,cg22112832,singleton,1
3713,cg20547295,singleton,1
3714,cg20401252,singleton,1
3715,cg20348746,singleton,1
3716,cg20291049,singleton,1
3717,cg20248516,singleton,1
3718,cg20234855,singleton,1
3719,cg19892195,singleton,1
3720,cg23077820,singleton,1
3721,cg23883058,singleton,1
3722,cg23859635,singleton,1
3723,cg23747904,singleton,1
3724,cg23644005,singleton,1
3725,cg23578346,singleton,1
3726,cg23242052,singleton,1
3727,cg23130254,singleton,1
3728,cg23119026,singleton,1
3729,cg19711579,singleton,1
3730,cg22929506,singleton,1
3731,cg22809047,singleton,1
3732,cg22737154,singleton,1
3733,cg22478121,singleton,1
3734,cg22350070,singleton,1
3735,cg22197050,singleton,1
3736,cg22162281,singleton,1
3737,cg16325502,singleton,1
3738,cg17529152,singleton,1
3739,cg17204275,singleton,1
3740,cg17165841,singleton,1
3741,cg17078253,singleton,1
3742,cg16780603,singleton,1
3743,cg16764274,singleton,1
3744,cg16640358,singleton,1
3745,cg16330247,singleton,1
3746,cg17594241,singleton,1
3747,cg16100120,singleton,1
3748,cg16002963,singleton,1
3749,cg15520279,singleton,1
3750,cg15297650,singleton,1
3751,cg15174552,singleton,1
3752,cg15150970,singleton,1
3753,cg15124757,singleton,1
3754,cg18862005,singleton,1
3755,cg19578183,singleton,1
3756,cg19570640,singleton,1
3757,cg19519964,singleton,1
3758,cg19488874,singleton,1
3759,cg19403014,singleton,1
3760,cg19370054,singleton,1
3761,cg19049194,singleton,1
3762,cg19043574,singleton,1
3763,cg15225201,singleton,1
3764,cg18750960,singleton,1
3765,cg18719170,singleton,1
3766,cg18449120,singleton,1
3767,cg18406708,singleton,1
3768,cg18311633,singleton,1
3769,cg18144593,singleton,1
3770,cg17924218,singleton,1
3771,cg21523251,singleton,1
3772,cg22604636,singleton,1
3773,cg22597733,singleton,1
3774,cg22560214,singleton,1
3775,cg22501604,singleton,1
3776,cg22435791,singleton,1
3777,cg21831481,singleton,1
3778,cg21784272,singleton,1
3779,cg21593015,singleton,1
3780,cg22605415,singleton,1
3781,cg21505886,singleton,1
3782,cg21299542,singleton,1
3783,cg21269934,singleton,1
3784,cg21208104,singleton,1
3785,cg20646280,singleton,1
3786,cg20128928,singleton,1
3787,cg20044410,singleton,1
3788,cg20012601,singleton,1
3789,cg23836737,singleton,1
3790,cg25205699,singleton,1
3791,cg25148589,singleton,1
3792,cg25097497,singleton,1
3793,cg25054580,singleton,1
3794,cg24947764,singleton,1
3795,cg24535910,singleton,1
3796,cg24430580,singleton,1
3797,cg23893898,singleton,1
3798,cg18993949,singleton,1
3799,cg23664174,singleton,1
3800,cg23401445,singleton,1
3801,cg23248150,singleton,1
3802,cg23197460,singleton,1
3803,cg23006040,singleton,1
3804,cg22857085,singleton,1
3805,cg22777326,singleton,1
3806,cg14056644,singleton,1
3807,cg16001165,singleton,1
3808,cg15957394,singleton,1
3809,cg15736994,singleton,1
3810,cg15493618,singleton,1
3811,cg14699112,singleton,1
3812,cg14632941,singleton,1
3813,cg14577707,singleton,1
3814,cg14543780,singleton,1
3815,cg16142855,singleton,1
3816,cg13841979,singleton,1
3817,cg13262687,singleton,1
3818,cg13154880,singleton,1
3819,cg12973941,singleton,1
3820,cg12635937,singleton,1
3821,cg12541454,singleton,1
3822,cg12337525,singleton,1
3823,cg17343374,singleton,1
3824,cg18797590,singleton,1
3825,cg18674643,singleton,1
3826,cg18609078,singleton,1
3827,cg18571419,singleton,1
3828,cg18030960,singleton,1
3829,cg17809748,singleton,1
3830,cg17486101,singleton,1
3831,cg17430979,singleton,1
3832,cg25355316,singleton,1
3833,cg17071446,singleton,1
3834,cg17062829,singleton,1
3835,cg16747109,singleton,1
3836,cg16744741,singleton,1
3837,cg16742481,singleton,1
3838,cg16546442,singleton,1
3839,cg16318271,singleton,1
3840,cg04064644,singleton,1
3841,cg04637478,singleton,1
3842,cg04607372,singleton,1
3843,cg04598517,singleton,1
3844,cg04461228,singleton,1
3845,cg04261138,singleton,1
3846,cg04223553,singleton,1
3847,cg04216235,singleton,1
3848,cg04201750,singleton,1
3849,cg04897804,singleton,1
3850,cg03909500,singleton,1
3851,cg03847373,singleton,1
3852,cg03833880,singleton,1
3853,cg03827337,singleton,1
3854,cg03714110,singleton,1
3855,cg03319497,singleton,1
3856,cg03300589,singleton,1
3857,cg02792655,singleton,1
3858,cg05516295,singleton,1
3859,cg06647928,singleton,1
3860,cg06644553,singleton,1
3861,cg06410191,singleton,1
3862,cg06401019,singleton,1
3863,cg05783854,singleton,1
3864,cg05725804,singleton,1
3865,cg05569742,singleton,1
3866,cg05534710,singleton,1
3867,cg02495823,singleton,1
3868,cg05496514,singleton,1
3869,cg05425754,singleton,1
3870,cg05265596,singleton,1
3871,cg05211662,singleton,1
3872,cg05207048,singleton,1
3873,cg05056120,singleton,1
3874,cg04980590,singleton,1
3875,cg00054702,singleton,1
3876,cg01142710,singleton,1
3877,cg01104047,singleton,1
3878,cg01101522,singleton,1
3879,cg00908526,singleton,1
3880,cg00793186,singleton,1
3881,cg00580497,singleton,1
3882,cg00489401,singleton,1
3883,cg00227093,singleton,1
3884,cg01201215,singleton,1
3885,cg00049047,singleton,1
3886,cg27454136,singleton,1
3887,cg27154163,singleton,1
3888,cg26541867,singleton,1
3889,cg26450750,singleton,1
3890,cg26210267,singleton,1
3891,cg25983635,singleton,1
3892,cg01899089,singleton,1
3893,cg02421597,singleton,1
3894,cg02328239,singleton,1
3895,cg02266732,singleton,1
3896,cg02114954,singleton,1
3897,cg02066529,singleton,1
3898,cg02022733,singleton,1
3899,cg02006915,singleton,1
3900,cg01937780,singleton,1
3901,cg12217987,singleton,1
3902,cg01875459,singleton,1
3903,cg01830023,singleton,1
3904,cg01829002,singleton,1
3905,cg01819137,singleton,1
3906,cg01606885,singleton,1
3907,cg01603847,singleton,1
3908,cg01366595,singleton,1
3909,cg22386920,singleton,1
3910,cg23681664,singleton,1
3911,cg23527621,singleton,1
3912,cg23448486,singleton,1
3913,cg23448348,singleton,1
3914,cg23437162,singleton,1
3915,cg23320649,singleton,1
3916,cg23060384,singleton,1
3917,cg22927302,singleton,1
3918,cg23756251,singleton,1
3919,cg22379463,singleton,1
3920,cg22354646,singleton,1
3921,cg22203776,singleton,1
3922,cg22156842,singleton,1
3923,cg21867345,singleton,1
3924,cg21564242,singleton,1
3925,cg21188820,singleton,1
3926,cg21109744,singleton,1
3927,cg25478614,singleton,1
3928,cg27361370,singleton,1
3929,cg27345757,singleton,1
3930,cg26825532,singleton,1
3931,cg26712821,singleton,1
3932,cg26158023,singleton,1
3933,cg26069719,singleton,1
3934,cg25865467,singleton,1
3935,cg25581347,singleton,1
3936,cg20747538,singleton,1
3937,cg25425705,singleton,1
3938,cg25005894,singleton,1
3939,cg24869336,singleton,1
3940,cg24824287,singleton,1
3941,cg24512093,singleton,1
3942,cg24317285,singleton,1
3943,cg23967169,singleton,1
3944,cg16541026,singleton,1
3945,cg18507138,singleton,1
3946,cg18404041,singleton,1
3947,cg18366455,singleton,1
3948,cg18333339,singleton,1
3949,cg18175809,singleton,1
3950,cg17453778,singleton,1
3951,cg17078427,singleton,1
3952,cg16933388,singleton,1
3953,cg18774195,singleton,1
3954,cg16323609,singleton,1
3955,cg16209444,singleton,1
3956,cg16181396,singleton,1
3957,cg15873149,singleton,1
3958,cg15772216,singleton,1
3959,cg15711521,singleton,1
3960,cg15588941,singleton,1
3961,cg19744587,singleton,1
3962,cg20669012,singleton,1
3963,cg20515136,singleton,1
3964,cg20461912,singleton,1
3965,cg20375342,singleton,1
3966,cg20267101,singleton,1
3967,cg20051033,singleton,1
3968,cg19939065,singleton,1
3969,cg19825437,singleton,1
3970,cg27589809,singleton,1
3971,cg19729744,singleton,1
3972,cg19477084,singleton,1
3973,cg19470159,singleton,1
3974,cg19235307,singleton,1
3975,cg19150852,singleton,1
3976,cg18956933,singleton,1
3977,cg18887186,singleton,1
3978,cg07098391,singleton,1
3979,cg09562045,singleton,1
3980,cg09221867,singleton,1
3981,cg08671647,singleton,1
3982,cg08262002,singleton,1
3983,cg08209133,singleton,1
3984,cg08053686,singleton,1
3985,cg07465899,singleton,1
3986,cg07333191,singleton,1
3987,cg09578568,singleton,1
3988,cg06812991,singleton,1
3989,cg06388350,singleton,1
3990,cg05658182,singleton,1
3991,cg05570735,singleton,1
3992,cg05369942,singleton,1
3993,cg05323533,singleton,1
3994,cg05191655,singleton,1
3995,cg10509254,singleton,1
3996,cg12016437,singleton,1
3997,cg11630404,singleton,1
3998,cg11557636,singleton,1
3999,cg11076306,singleton,1
4000,cg11036041,singleton,1
4001,cg10933003,singleton,1
4002,cg10848640,singleton,1
4003,cg10682299,singleton,1
4004,cg05036656,singleton,1
4005,cg10457539,singleton,1
4006,cg10235817,singleton,1
4007,cg10150813,singleton,1
4008,cg10149533,singleton,1
4009,cg10074544,singleton,1
4010,cg09926747,singleton,1
4011,cg09693004,singleton,1
4012,cg01102833,singleton,1
4013,cg02170478,singleton,1
4014,cg01886556,singleton,1
4015,cg01787559,singleton,1
4016,cg01738522,singleton,1
4017,cg01503065,singleton,1
4018,cg01493016,singleton,1
4019,cg01401344,singleton,1
4020,cg01141413,singleton,1
4021,cg02441747,singleton,1
4022,cg00967552,singleton,1
4023,cg00505045,singleton,1
4024,cg00486340,singleton,1
4025,cg00481350,singleton,1
4026,cg00452958,singleton,1
4027,cg00292701,singleton,1
4028,cg00236919,singleton,1
4029,cg03719693,singleton,1
4030,cg05024939,singleton,1
4031,cg04939673,singleton,1
4032,cg04812351,singleton,1
4033,cg04738109,singleton,1
4034,cg04562589,singleton,1
4035,cg03996822,singleton,1
4036,cg03915012,singleton,1
4037,cg03874978,singleton,1
4038,cg06142537,singleton,1
4039,cg03446195,singleton,1
4040,cg03369807,singleton,1
4041,cg03356900,singleton,1
4042,cg03306082,singleton,1
4043,cg02853616,singleton,1
4044,cg02812207,singleton,1
4045,cg02722188,singleton,1
4046,cg01970336,singleton,1
4047,cg02361903,singleton,1
4048,cg02340851,singleton,1
4049,cg02294302,singleton,1
4050,cg02177231,singleton,1
4051,cg02100997,singleton,1
4052,cg02097190,singleton,1
4053,cg02063759,singleton,1
4054,cg01974375,singleton,1
4055,cg02397727,singleton,1
4056,cg01962676,singleton,1
4057,cg01910639,singleton,1
4058,cg01901101,singleton,1
4059,cg01891252,singleton,1
4060,cg01713950,singleton,1
4061,cg01554474,singleton,1
4062,cg01459453,singleton,1
4063,cg01352586,singleton,1
4064,cg03335216,singleton,1
4065,cg03883331,singleton,1
4066,cg03743008,singleton,1
4067,cg03664992,singleton,1
4068,cg03660500,singleton,1
4069,cg03655142,singleton,1
4070,cg03519967,singleton,1
4071,cg03422911,singleton,1
4072,cg03391684,singleton,1
4073,cg01185626,singleton,1
4074,cg03311232,singleton,1
4075,cg03301331,singleton,1
4076,cg03149128,singleton,1
4077,cg03132729,singleton,1
4078,cg03027354,singleton,1
4079,cg02495604,singleton,1
4080,cg02431597,singleton,1
4081,cg23400715,singleton,1
4082,cg00251125,singleton,1
4083,cg00173504,singleton,1
4084,cg00116092,singleton,1
4085,cg00063748,singleton,1
4086,cg00039326,singleton,1
4087,cg00019759,singleton,1
4088,cg00003345,singleton,1
4089,cg26796679,singleton,1
4090,cg00253564,singleton,1
4091,cg20209308,singleton,1
4092,cg20164887,singleton,1
4093,cg19796981,singleton,1
4094,cg18708252,singleton,1
4095,cg18465694,singleton,1
4096,cg18445088,singleton,1
4097,cg17176676,singleton,1
4098,cg00855990,singleton,1
4099,cg01175767,singleton,1
4100,cg01128109,singleton,1
4101,cg00980319,singleton,1
4102,cg00976181,singleton,1
4103,cg00957516,singleton,1
4104,cg00949753,singleton,1
4105,cg00913949,singleton,1
4106,cg00891995,singleton,1
4107,cg03984502,singleton,1
4108,cg00851028,singleton,1
4109,cg00707317,singleton,1
4110,cg00695391,singleton,1
4111,cg00554413,singleton,1
4112,cg00484358,singleton,1
4113,cg00463859,singleton,1
4114,cg00323313,singleton,1
4115,cg07422880,singleton,1
4116,cg08426733,singleton,1
4117,cg08262220,singleton,1
4118,cg08128734,singleton,1
4119,cg08024029,singleton,1
4120,cg07892597,singleton,1
4121,cg07777790,singleton,1
4122,cg07647164,singleton,1
4123,cg07563793,singleton,1
4124,cg08468082,singleton,1
4125,cg07388493,singleton,1
4126,cg07368443,singleton,1
4127,cg07318983,singleton,1
4128,cg07234388,singleton,1
4129,cg07178825,singleton,1
4130,cg07135732,singleton,1
4131,cg06995548,singleton,1
4132,cg06926146,singleton,1
4133,cg09258479,singleton,1
4134,cg09809672,singleton,1
4135,cg09768093,singleton,1
4136,cg09762021,singleton,1
4137,cg09684338,singleton,1
4138,cg09649610,singleton,1
4139,cg09478857,singleton,1
4140,cg09408098,singleton,1
4141,cg09317884,singleton,1
4142,cg06921573,singleton,1
4143,cg09138671,singleton,1
4144,cg09068158,singleton,1
4145,cg08885800,singleton,1
4146,cg08876103,singleton,1
4147,cg08739433,singleton,1
4148,cg08737116,singleton,1
4149,cg08644498,singleton,1
4150,cg04510153,singleton,1
4151,cg05228408,singleton,1
4152,cg05138148,singleton,1
4153,cg04931216,singleton,1
4154,cg04885881,singleton,1
4155,cg04872610,singleton,1
4156,cg04850423,singleton,1
4157,cg04577212,singleton,1
4158,cg04542977,singleton,1
4159,cg05365199,singleton,1
4160,cg04455430,singleton,1
4161,cg04218899,singleton,1
4162,cg04103761,singleton,1
4163,cg04080625,singleton,1
4164,cg04036898,singleton,1
4165,cg03989480,singleton,1
4166,cg03989260,singleton,1
4167,cg06174704,singleton,1
4168,cg06769116,singleton,1
4169,cg06724462,singleton,1
4170,cg06656994,singleton,1
4171,cg06533314,singleton,1
4172,cg06437747,singleton,1
4173,cg06384463,singleton,1
4174,cg06335143,singleton,1
4175,cg06215569,singleton,1
4176,cg15548613,singleton,1
4177,cg05961348,singleton,1
4178,cg05924583,singleton,1
4179,cg05898524,singleton,1
4180,cg05756685,singleton,1
4181,cg05721773,singleton,1
4182,cg05511392,singleton,1
4183,cg05470502,singleton,1
4184,cg14239592,singleton,1
4185,cg17861230,singleton,1
4186,cg16644497,singleton,1
4187,cg16206460,singleton,1
4188,cg15415136,singleton,1
4189,cg15215348,singleton,1
4190,cg15202738,singleton,1
4191,cg15027907,singleton,1
4192,cg14911690,singleton,1
4193,cg18721420,singleton,1
4194,cg14055896,singleton,1
4195,cg14036830,singleton,1
4196,cg13703871,singleton,1
4197,cg13404054,singleton,1
4198,cg13378934,singleton,1
4199,cg12272837,singleton,1
4200,cg12214908,singleton,1
4201,cg11344352,singleton,1
4202,cg22231400,singleton,1
4203,cg24906410,singleton,1
4204,cg24436715,singleton,1
4205,cg24415208,singleton,1
4206,cg24227728,singleton,1
4207,cg24024661,singleton,1
4208,cg23200020,singleton,1
4209,cg22932336,singleton,1
4210,cg22694191,singleton,1
4211,cg10836101,singleton,1
4212,cg21927946,singleton,1
4213,cg21534423,singleton,1
4214,cg19925849,singleton,1
4215,cg19485202,singleton,1
4216,cg19416570,singleton,1
4217,cg19332452,singleton,1
4218,cg19063061,singleton,1
4219,cg00515457,singleton,1
4220,cg04419610,singleton,1
4221,cg02711397,singleton,1
4222,cg02657401,singleton,1
4223,cg02479575,singleton,1
4224,cg01580888,singleton,1
4225,cg01542019,singleton,1
4226,cg01428589,singleton,1
4227,cg00553487,singleton,1
4228,cg05213896,singleton,1
4229,cg25958283,singleton,1
4230,cg25767345,singleton,1
4231,cg22455914,singleton,1
4232,cg19237294,singleton,1
4233,cg16922039,singleton,1
4234,cg16705273,singleton,1
4235,cg16474170,singleton,1
4236,cg08153621,singleton,1
4237,cg10665321,singleton,1
4238,cg10640845,singleton,1
4239,cg10604476,singleton,1
4240,cg09980058,singleton,1
4241,cg09434500,singleton,1
4242,cg09371559,singleton,1
4243,cg08461949,singleton,1
4244,cg08249988,singleton,1
4245,cg24909548,singleton,1
4246,cg07785717,singleton,1
4247,cg07599133,singleton,1
4248,cg06882591,singleton,1
4249,cg06522681,singleton,1
4250,cg06506966,singleton,1
4251,cg05928342,singleton,1
4252,cg05352500,singleton,1
4253,cg26158279,singleton,1
4254,cg10696191,singleton,1
4255,cg07003407,singleton,1
4256,cg02983163,singleton,1
4257,cg01847344,singleton,1
4258,cg00495860,singleton,1
4259,cg27274542,singleton,1
4260,cg27262717,singleton,1
4261,cg26709285,singleton,1
4262,cg11950383,singleton,1
4263,cg26156448,singleton,1
4264,cg25164624,singleton,1
4265,cg24924779,singleton,1
4266,cg23487201,singleton,1
4267,cg23353432,singleton,1
4268,cg23328622,singleton,1
4269,cg22797900,singleton,1
4270,cg05329888,singleton,1
4271,cg14561229,singleton,1
4272,cg12923994,singleton,1
4273,cg12159189,singleton,1
4274,cg12068816,singleton,1
4275,cg11250773,singleton,1
4276,cg10941566,singleton,1
4277,cg09877744,singleton,1
4278,cg08430009,singleton,1
4279,cg22537474,singleton,1
4280,cg04304705,singleton,1
4281,cg03018796,singleton,1
4282,cg01961447,singleton,1
4283,cg21697851,singleton,1
4284,cg16711792,singleton,1
4285,cg15108590,singleton,1
4286,cg13588023,singleton,1
4287,cg27058486,singleton,1
4288,cg07003030,singleton,1
4289,cg06263461,singleton,1
4290,cg04584301,singleton,1
4291,cg03577250,singleton,1
4292,cg01743841,singleton,1
4293,cg01188592,singleton,1
4294,cg00105628,singleton,1
4295,cg27384695,singleton,1
4296,cg08545268,singleton,1
4297,cg27052113,singleton,1
4298,cg26918756,singleton,1
4299,cg26669806,singleton,1
4300,cg26565021,singleton,1
4301,cg26477573,singleton,1
4302,cg25756435,singleton,1
4303,cg25352836,singleton,1
4304,cg16963144,singleton,1
4305,cg21200408,singleton,1
4306,cg20859731,singleton,1
4307,cg20704654,singleton,1
4308,cg19864758,singleton,1
4309,cg19593767,singleton,1
4310,cg18954541,singleton,1
4311,cg18759209,singleton,1
4312,cg17526301,singleton,1
4313,cg09850632,singleton,1
4314,cg16822939,singleton,1
4315,cg16793866,singleton,1
4316,cg16524928,singleton,1
4317,cg15058464,singleton,1
4318,cg14010720,singleton,1
4319,cg13802013,singleton,1
4320,cg12497914,singleton,1
4321,cg25975621,singleton,1
4322,cg26603050,singleton,1
4323,cg26575914,singleton,1
4324,cg26513192,singleton,1
4325,cg26266842,singleton,1
4326,cg26249046,singleton,1
4327,cg26158959,singleton,1
4328,cg26058502,singleton,1
4329,cg26003967,singleton,1
4330,cg26815395,singleton,1
4331,cg25840576,singleton,1
4332,cg25771271,singleton,1
4333,cg25755575,singleton,1
4334,cg25722983,singleton,1
4335,cg25437385,singleton,1
4336,cg25410668,singleton,1
4337,cg25386234,singleton,1
4338,cg25340674,singleton,1
4339,cg27543334,singleton,1
4340,cg00602811,singleton,1
4341,cg00393837,singleton,1
4342,cg00336700,singleton,1
4343,cg00326719,singleton,1
4344,cg00314660,singleton,1
4345,cg00302494,singleton,1
4346,cg00073837,singleton,1
4347,cg27579609,singleton,1
4348,cg25143508,singleton,1
4349,cg27262412,singleton,1
4350,cg27232482,singleton,1
4351,cg26956874,singleton,1
4352,cg26935102,singleton,1
4353,cg26894354,singleton,1
4354,cg26864395,singleton,1
4355,cg26841040,singleton,1
4356,cg22815110,singleton,1
4357,cg23207077,singleton,1
4358,cg23093580,singleton,1
4359,cg23078123,singleton,1
4360,cg23049291,singleton,1
4361,cg22942576,singleton,1
4362,cg22871653,singleton,1
4363,cg22866430,singleton,1
4364,cg22820188,singleton,1
4365,cg23257569,singleton,1
4366,cg22794214,singleton,1
4367,cg22793142,singleton,1
4368,cg22697825,singleton,1
4369,cg22605303,singleton,1
4370,cg22512670,singleton,1
4371,cg22494858,singleton,1
4372,cg22488256,singleton,1
4373,cg23993425,singleton,1
4374,cg24681499,singleton,1
4375,cg24678611,singleton,1
4376,cg24453699,singleton,1
4377,cg24433287,singleton,1
4378,cg24298421,singleton,1
4379,cg24244374,singleton,1
4380,cg24155190,singleton,1
4381,cg24150153,singleton,1
4382,cg00684075,singleton,1
4383,cg23971069,singleton,1
4384,cg23933216,singleton,1
4385,cg23716800,singleton,1
4386,cg23715749,singleton,1
4387,cg23665568,singleton,1
4388,cg23627828,singleton,1
4389,cg23552821,singleton,1
4390,cg03767531,singleton,1
4391,cg04881228,singleton,1
4392,cg04730665,singleton,1
4393,cg04001714,singleton,1
4394,cg03957108,singleton,1
4395,cg03936870,singleton,1
4396,cg03882167,singleton,1
4397,cg03874199,singleton,1
4398,cg03805618,singleton,1
4399,cg04926134,singleton,1
4400,cg03600687,singleton,1
4401,cg03583111,singleton,1
4402,cg03545227,singleton,1
4403,cg03443986,singleton,1
4404,cg03395188,singleton,1
4405,cg03249890,singleton,1
4406,cg03002352,singleton,1
4407,cg02744113,singleton,1
4408,cg05467160,singleton,1
4409,cg06100854,singleton,1
4410,cg06016439,singleton,1
4411,cg05974067,singleton,1
4412,cg05881221,singleton,1
4413,cg05656900,singleton,1
4414,cg05609159,singleton,1
4415,cg05584950,singleton,1
4416,cg05471730,singleton,1
4417,cg02743713,singleton,1
4418,cg05412990,singleton,1
4419,cg05342515,singleton,1
4420,cg05301866,singleton,1
4421,cg05172912,singleton,1
4422,cg05136263,singleton,1
4423,cg05100419,singleton,1
4424,cg04955914,singleton,1
4425,cg01158574,singleton,1
4426,cg01658421,singleton,1
4427,cg01491071,singleton,1
4428,cg01447660,singleton,1
4429,cg01410359,singleton,1
4430,cg01376829,singleton,1
4431,cg01329789,singleton,1
4432,cg01307387,singleton,1
4433,cg01196788,singleton,1
4434,cg01719210,singleton,1
4435,cg01082843,singleton,1
4436,cg01047586,singleton,1
4437,cg00893471,singleton,1
4438,cg00864666,singleton,1
4439,cg00740914,singleton,1
4440,cg00708603,singleton,1
4441,cg00689213,singleton,1
4442,cg02085953,singleton,1
4443,cg02728483,singleton,1
4444,cg02646021,singleton,1
4445,cg02606403,singleton,1
4446,cg02355885,singleton,1
4447,cg02323356,singleton,1
4448,cg02294055,singleton,1
4449,cg02244386,singleton,1
4450,cg02242681,singleton,1
4451,cg22419039,singleton,1
4452,cg02063488,singleton,1
4453,cg01968178,singleton,1
4454,cg01886514,singleton,1
4455,cg01850449,singleton,1
4456,cg01812045,singleton,1
4457,cg01753375,singleton,1
4458,cg01720455,singleton,1
4459,cg13167730,singleton,1
4460,cg13655674,singleton,1
4461,cg13478928,singleton,1
4462,cg13476854,singleton,1
4463,cg13470735,singleton,1
4464,cg13458211,singleton,1
4465,cg13420364,singleton,1
4466,cg13385220,singleton,1
4467,cg13272644,singleton,1
4468,cg13804478,singleton,1
4469,cg13059495,singleton,1
4470,cg12667125,singleton,1
4471,cg12636369,singleton,1
4472,cg12636169,singleton,1
4473,cg12613383,singleton,1
4474,cg12604950,singleton,1
4475,cg12597839,singleton,1
4476,cg12590902,singleton,1
4477,cg14994947,singleton,1
4478,cg15713630,singleton,1
4479,cg15469272,singleton,1
4480,cg15393490,singleton,1
4481,cg15201877,singleton,1
4482,cg15149095,singleton,1
4483,cg15112910,singleton,1
4484,cg15102821,singleton,1
4485,cg14995214,singleton,1
4486,cg12582330,singleton,1
4487,cg14914422,singleton,1
4488,cg14795752,singleton,1
4489,cg14522815,singleton,1
4490,cg14149172,singleton,1
4491,cg13927566,singleton,1
4492,cg13893543,singleton,1
4493,cg13856810,singleton,1
4494,cg10572355,singleton,1
4495,cg11120551,singleton,1
4496,cg11071207,singleton,1
4497,cg10806711,singleton,1
4498,cg10785263,singleton,1
4499,cg10772169,singleton,1
4500,cg10628205,singleton,1
4501,cg10589949,singleton,1
4502,cg10587082,singleton,1
4503,cg11142333,singleton,1
4504,cg10567964,singleton,1
4505,cg10442251,singleton,1
4506,cg10288510,singleton,1
4507,cg10221746,singleton,1
4508,cg10165585,singleton,1
4509,cg10117719,singleton,1
4510,cg09900893,singleton,1
4511,cg11835347,singleton,1
4512,cg12446246,singleton,1
4513,cg12278474,singleton,1
4514,cg12211856,singleton,1
4515,cg12065799,singleton,1
4516,cg12065138,singleton,1
4517,cg11848563,singleton,1
4518,cg11842415,singleton,1
4519,cg11836829,singleton,1
4520,cg15726426,singleton,1
4521,cg11752769,singleton,1
4522,cg11736940,singleton,1
4523,cg11587191,singleton,1
4524,cg11526866,singleton,1
4525,cg11393848,singleton,1
4526,cg11231349,singleton,1
4527,cg11194994,singleton,1
4528,cg19936954,singleton,1
4529,cg20700731,singleton,1
4530,cg20664247,singleton,1
4531,cg20607293,singleton,1
4532,cg20591472,singleton,1
4533,cg20324858,singleton,1
4534,cg20247486,singleton,1
4535,cg20065005,singleton,1
4536,cg19945840,singleton,1
4537,cg20746795,singleton,1
4538,cg19811148,singleton,1
4539,cg19800670,singleton,1
4540,cg19510626,singleton,1
4541,cg19270739,singleton,1
4542,cg19261426,singleton,1
4543,cg19095000,singleton,1
4544,cg18964582,singleton,1
4545,cg21604358,singleton,1
4546,cg22112435,singleton,1
4547,cg22059812,singleton,1
4548,cg22026450,singleton,1
4549,cg22007666,singleton,1
4550,cg21943117,singleton,1
4551,cg21836358,singleton,1
4552,cg21809447,singleton,1
4553,cg21646199,singleton,1
4554,cg18944010,singleton,1
4555,cg21524899,singleton,1
4556,cg21393163,singleton,1
4557,cg21144928,singleton,1
4558,cg20959866,singleton,1
4559,cg20936321,singleton,1
4560,cg20907051,singleton,1
4561,cg20822990,singleton,1
4562,cg16368763,singleton,1
4563,cg17241310,singleton,1
4564,cg17168836,singleton,1
4565,cg17100751,singleton,1
4566,cg17034109,singleton,1
4567,cg16899892,singleton,1
4568,cg16736826,singleton,1
4569,cg16686396,singleton,1
4570,cg16371538,singleton,1
4571,cg17340519,singleton,1
4572,cg16352283,singleton,1
4573,cg16103959,singleton,1
4574,cg16076997,singleton,1
4575,cg16008966,singleton,1
4576,cg16003790,singleton,1
4577,cg15837212,singleton,1
4578,cg15728320,singleton,1
4579,cg18133072,singleton,1
4580,cg18933331,singleton,1
4581,cg18791730,singleton,1
4582,cg18765906,singleton,1
4583,cg18660898,singleton,1
4584,cg18438853,singleton,1
4585,cg18343474,singleton,1
4586,cg18310639,singleton,1
4587,cg18184411,singleton,1
4588,cg06946371,singleton,1
4589,cg18023598,singleton,1
4590,cg17971578,singleton,1
4591,cg17827020,singleton,1
4592,cg17804356,singleton,1
4593,cg17543296,singleton,1
4594,cg17508639,singleton,1
4595,cg17453456,singleton,1
